Workbook
Name HoldoutStart: 'Forecast validation'!$B$31
Name ValidationStart: 'Forecast validation'!$B$30

Sheet Read me
A2: Synthetic maintenance labor dataset
A4: Purpose | B4: Estimate work-package labor and forecast capacity using a realistic but entirely simulated shop.
A5: Period | B5: 2024-01-01 through 2025-12-30 request dates
A6: Population | B6: 2,400 simulated work packages across 14 fictional test aircraft and 75 technicians.
A7: Source | B7: Original synthetic data generated with a fixed random seed (20260928). No aircraft manufacturer or regulatory agency records.
A8: Unit of prediction | B8: Total actual labor hours per work package at intake.
A9: Prediction-time fields | B9: Aircraft, request date, due date, task type/class, required skill, complexity, priority, part requirement, estimated hours.
A10: Outcome fields | B10: Completion date, actual labor hours and labor entries. Keep out of intake-time features.
A11: Leakage warning | B11: Repeat work, parts arrival/delay and disruptions are realized after intake; exclude them from initial estimates.
A12: Labor relationship | B12: Labor entries sum to actual labor hours for each work package, subject to 0.1-hour rounding.
A13: Parts relationship | B13: One part record exists for each package marked part required.
A14: Disruption relationship | B14: Records reflect part delays or operational events; some packages have neither.
A15: Generation logic | B15: Task baseline × complexity × aircraft age × season; realized hours add random variation, rework and disruptions.
... A40: Calendar and availability | B40: Historical bookings include weekends. The 12-hour technician-day cap is a simulation constraint, not a verified shift calendar. Shift labels and availability factors do not prove day-level availability. Earlier reassigned bookings assume same-skill staff and task readiness; detailed qualifications, absence calendars and task dependencies are not modeled.

Sheet Dashboard
A2: Labor forecast and capacity dashboard
A3: Aerospace maintenance planning simulation. Synthetic data; staffing, costs and recovery options are hypothetical.
A5: Headline | B5: Value
A6: Forecast method selected | B6: ='Weekly forecast'!F10 -> Same week last year
A7: Independent weekly test WMAPE | B7: =INDEX('Weekly forecast'!K5:K8,'Weekly forecast'!F11) -> 0.26662927
A8: Independent weekly test bias | B8: =INDEX('Weekly forecast'!L5:L8,'Weekly forecast'!F11) -> -0.064702389
A9: Forecast window starts | B9: ='Capacity outlook'!B5 -> 46027
A10: Forecast incoming hours | B10: ='Capacity outlook'!B7 -> 4334.6
A11: Plus open backlog | B11: ='Capacity outlook'!B8 -> 521.62978
A12: Allocated capacity | B12: ='Capacity outlook'!B10 -> 4661.9523
A13: Overall utilization | B13: ='Capacity outlook'!B11 -> 1.041673
A14: Skills short or tight | B14: =COUNTIFS('Capacity outlook'!K18:K23,"Short")+COUNTIFS('Capacity outlook'!K18:K23,"Tight") -> 6
A15: Most loaded skill | B15: =INDEX('Capacity outlook'!A18:A23,MATCH(MAX('Capacity outlook'!H18:H23),'Capacity outlook'!H18:H23,0)) -> Avionics
A16: Most loaded skill utilization | B16: =MAX('Capacity outlook'!H18:H23) -> 1.204858
A17: On-time completion rate | B17: ='Schedule performance'!B7 -> 0.51541667
A19: Job-level estimate bias | B19: Original estimate | C19: Calibrated forecast
A20: Validation H1 2025 | B20: =(SUMIFS(tblWorkPackages[Estimated labor hours],tblWorkPackages[Time split],"Validation H1")-SUMIFS(tblWorkPackages[Actual labor hours],tblWorkPackages[Time split],"Validation H1"))/SUMIFS(tblWorkPackages[Actual labor hours],tblWorkPackages[Time split],"Validation H1") -> -0.071884858 | C20: =(SUMIFS(tblWorkPackages[Calibrated forecast hours],tblWorkPackages[Time split],"Validation H1")-SUMIFS(tblWorkPackages[Actual labor hours],tblWorkPackages[Time split],"Validation H1"))/SUMIFS(tblWorkPackages[Actual labor hours],tblWorkPackages[Time split],"Validation H1") -> -0.023018694
A21: Holdout H2 2025 | B21: =(SUMIFS(tblWorkPackages[Estimated labor hours],tblWorkPackages[Time split],"Holdout H2")-SUMIFS(tblWorkPackages[Actual labor hours],tblWorkPackages[Time split],"Holdout H2"))/SUMIFS(tblWorkPackages[Actual labor hours],tblWorkPackages[Time split],"Holdout H2") -> -0.074787437 | C21: =(SUMIFS(tblWorkPackages[Calibrated forecast hours],tblWorkPackages[Time split],"Holdout H2")-SUMIFS(tblWorkPackages[Actual labor hours],tblWorkPackages[Time split],"Holdout H2"))/SUMIFS(tblWorkPackages[Actual labor hours],tblWorkPackages[Time split],"Holdout H2") -> -0.0060552481
A22: Negative bias means estimates ran below actual hours. Calibration adds the task-level adjustment learned from earlier work.

Sheet Work packages
A1: Work package ID | B1: Aircraft ID | C1: Request date | D1: Due date | E1: Task type | F1: Work class | G1: Required skill | H1: Complexity (1-4) | I1: Priority | J1: Repeat work (0/1) | K1: Part required (0/1) | L1: Estimated labor hours | M1: Completion date | N1: Actual labor hours | O1: Request week (Monday) | P1: Absolute estimate error | Q1: Above estimate (0/1) | R1: Actual less estimate | S1: Time split | T1: Calibrated forecast hours | U1: Calibrated absolute error | V1: Planning forecast hours | W1: Request date serial | X1: Due date serial | Y1: Completion date serial | Z1: First labor date | AA1: Last labor date | AB1: Late (0/1) | AC1: Days late | AD1: Queue days | AE1: Work span days | AF1: Closeout days | AG1: Flow days | AH1: Part delay days | AI1: Disruption type | AJ1: Due month
A2: WP-00001 | B2: FT-03 | C2: 2025-05-03 | D2: 2025-05-16 | E2: Flight control inspection | F2: Inspection | G2: Airframe | H2: 3 | I2: Routine | J2: 0 | K2: 0 | L2: 11 | M2: 2025-05-14 | N2: 10.8 | O2: =TEXT(tblWorkPackages[[#This Row],[Request date serial]]-WEEKDAY(tblWorkPackages[[#This Row],[Request date serial]],3),"yyyy-mm-dd") -> 2025-04-28 | P2: =ABS(tblWorkPackages[[#This Row],[Actual labor hours]]-tblWorkPackages[[#This Row],[Estimated labor hours]]) -> 0.2 | Q2: =IF(tblWorkPackages[[#This Row],[Actual labor hours]]>tblWorkPackages[[#This Row],[Estimated labor hours]],1,0) -> 0 | R2: =tblWorkPackages[[#This Row],[Actual labor hours]]-tblWorkPackages[[#This Row],[Estimated labor hours]] -> -0.2 | S2: =IF(tblWorkPackages[[#This Row],[Request date serial]]<ValidationStart,"Train 2024",IF(tblWorkPackages[[#This Row],[Request date serial]]<HoldoutStart,"Validation H1","Holdout H2")) -> Validation H1 | T2: =IF(tblWorkPackages[[#This Row],[Time split]]="Train 2024","",tblWorkPackages[[#This Row],[Estimated labor hours]]+VLOOKUP(tblWorkPackages[[#This Row],[Task type]],'Forecast validation'!$A$14:$E$25,IF(tblWorkPackages[[#This Row],[Time split]]="Validation H1",4,5),FALSE())) -> 11.475641 | U2: =IF(tblWorkPackages[[#This Row],[Calibrated forecast hours]]="","",ABS(tblWorkPackages[[#This Row],[Actual labor hours]]-tblWorkPackages[[#This Row],[Calibrated forecast hours]])) -> 0.67564103 | V2: =IF(tblWorkPackages[[#This Row],[Time split]]="Train 2024",tblWorkPackages[[#This Row],[Estimated labor hours]],tblWorkPackages[[#This Row],[Calibrated forecast hours]]) -> 11.475641 | W2: =DATEVALUE(tblWorkPackages[[#This Row],[Request date]]) -> 45780 | X2: =DATEVALUE(tblWorkPackages[[#This Row],[Due date]]) -> 45793 | Y2: =DATEVALUE(tblWorkPackages[[#This Row],[Completion date]]) -> 45791 | Z2: =_xlfn.MINIFS(tblLaborEntries[Work date serial],tblLaborEntries[Work package ID],tblWorkPackages[[#This Row],[Work package ID]]) -> 45789 | AA2: =_xlfn.MAXIFS(tblLaborEntries[Work date serial],tblLaborEntries[Work package ID],tblWorkPackages[[#This Row],[Work package ID]]) -> 45791 | AB2: =IF(tblWorkPackages[[#This Row],[Completion date serial]]>tblWorkPackages[[#This Row],[Due date serial]],1,0) -> 0 | AC2: =MAX(0,tblWorkPackages[[#This Row],[Completion date serial]]-tblWorkPackages[[#This Row],[Due date serial]]) -> 0 | AD2: =tblWorkPackages[[#This Row],[First labor date]]-tblWorkPackages[[#This Row],[Request date serial]] -> 9 | AE2: =tblWorkPackages[[#This Row],[Last labor date]]-tblWorkPackages[[#This Row],[First labor date]] -> 2 | AF2: =tblWorkPackages[[#This Row],[Completion date serial]]-tblWorkPackages[[#This Row],[Last labor date]] -> 0 | AG2: =tblWorkPackages[[#This Row],[Completion date serial]]-tblWorkPackages[[#This Row],[Request date serial]] -> 11 | AH2: =IFERROR(INDEX(tblParts[Delay days],MATCH(tblWorkPackages[[#This Row],[Work package ID]],tblParts[Work package ID],0)),0) -> 0 | AI2: =IFERROR(INDEX(tblDisruptions[Event type],MATCH(tblWorkPackages[[#This Row],[Work package ID]],tblDisruptions[Work package ID],0)),"None") -> None | AJ2: =TEXT(tblWorkPackages[[#This Row],[Due date serial]],"yyyy-mm") -> 2025-05
A3: WP-00002 | B3: FT-06 | C3: 2025-09-05 | D3: 2025-09-18 | E3: Instrumentation installation | F3: Modification | G3: Avionics | H3: 1 | I3: Routine | J3: 0 | K3: 0 | L3: 8.1 | M3: 2025-09-08 | N3: 6.9 | O3: =TEXT(tblWorkPackages[[#This Row],[Request date serial]]-WEEKDAY(tblWorkPackages[[#This Row],[Request date serial]],3),"yyyy-mm-dd") -> 2025-09-01 | P3: =ABS(tblWorkPackages[[#This Row],[Actual labor hours]]-tblWorkPackages[[#This Row],[Estimated labor hours]]) -> 1.2 | Q3: =IF(tblWorkPackages[[#This Row],[Actual labor hours]]>tblWorkPackages[[#This Row],[Estimated labor hours]],1,0) -> 0 | R3: =tblWorkPackages[[#This Row],[Actual labor hours]]-tblWorkPackages[[#This Row],[Estimated labor hours]] -> -1.2 | S3: =IF(tblWorkPackages[[#This Row],[Request date serial]]<ValidationStart,"Train 2024",IF(tblWorkPackages[[#This Row],[Request date serial]]<HoldoutStart,"Validation H1","Holdout H2")) -> Holdout H2 | T3: =IF(tblWorkPackages[[#This Row],[Time split]]="Train 2024","",tblWorkPackages[[#This Row],[Estimated labor hours]]+VLOOKUP(tblWorkPackages[[#This Row],[Task type]],'Forecast validation'!$A$14:$E$25,IF(tblWorkPackages[[#This Row],[Time split]]="Validation H1",4,5),FALSE())) -> 9.0207547 | U3: =IF(tblWorkPackages[[#This Row],[Calibrated forecast hours]]="","",ABS(tblWorkPackages[[#This Row],[Actual labor hours]]-tblWorkPackages[[#This Row],[Calibrated forecast hours]])) -> 2.1207547 | V3: =IF(tblWorkPackages[[#This Row],[Time split]]="Train 2024",tblWorkPackages[[#This Row],[Estimated labor hours]],tblWorkPackages[[#This Row],[Calibrated forecast hours]]) -> 9.0207547 | W3: =DATEVALUE(tblWorkPackages[[#This Row],[Request date]]) -> 45905 | X3: =DATEVALUE(tblWorkPackages[[#This Row],[Due date]]) -> 45918 | Y3: =DATEVALUE(tblWorkPackages[[#This Row],[Completion date]]) -> 45908 | Z3: =_xlfn.MINIFS(tblLaborEntries[Work date serial],tblLaborEntries[Work package ID],tblWorkPackages[[#This Row],[Work package ID]]) -> 45907 | AA3: =_xlfn.MAXIFS(tblLaborEntries[Work date serial],tblLaborEntries[Work package ID],tblWorkPackages[[#This Row],[Work package ID]]) -> 45907 | AB3: =IF(tblWorkPackages[[#This Row],[Completion date serial]]>tblWorkPackages[[#This Row],[Due date serial]],1,0) -> 0 | AC3: =MAX(0,tblWorkPackages[[#This Row],[Completion date serial]]-tblWorkPackages[[#This Row],[Due date serial]]) -> 0 | AD3: =tblWorkPackages[[#This Row],[First labor date]]-tblWorkPackages[[#This Row],[Request date serial]] -> 2 | AE3: =tblWorkPackages[[#This Row],[Last labor date]]-tblWorkPackages[[#This Row],[First labor date]] -> 0 | AF3: =tblWorkPackages[[#This Row],[Completion date serial]]-tblWorkPackages[[#This Row],[Last labor date]] -> 1 | AG3: =tblWorkPackages[[#This Row],[Completion date serial]]-tblWorkPackages[[#This Row],[Request date serial]] -> 3 | AH3: =IFERROR(INDEX(tblParts[Delay days],MATCH(tblWorkPackages[[#This Row],[Work package ID]],tblParts[Work package ID],0)),0) -> 0 | AI3: =IFERROR(INDEX(tblDisruptions[Event type],MATCH(tblWorkPackages[[#This Row],[Work package ID]],tblDisruptions[Work package ID],0)),"None") -> None | AJ3: =TEXT(tblWorkPackages[[#This Row],[Due date serial]],"yyyy-mm") -> 2025-09
A4: WP-00003 | B4: FT-02 | C4: 2024-01-31 | D4: 2024-02-02 | E4: Hydraulic leak diagnosis | F4: Corrective | G4: Hydraulics | H4: 4 | I4: Urgent | J4: 0 | K4: 1 | L4: 19.1 | M4: 2024-02-26 | N4: 14.7 | O4: =TEXT(tblWorkPackages[[#This Row],[Request date serial]]-WEEKDAY(tblWorkPackages[[#This Row],[Request date serial]],3),"yyyy-mm-dd") -> 2024-01-29 | P4: =ABS(tblWorkPackages[[#This Row],[Actual labor hours]]-tblWorkPackages[[#This Row],[Estimated labor hours]]) -> 4.4 | Q4: =IF(tblWorkPackages[[#This Row],[Actual labor hours]]>tblWorkPackages[[#This Row],[Estimated labor hours]],1,0) -> 0 | R4: =tblWorkPackages[[#This Row],[Actual labor hours]]-tblWorkPackages[[#This Row],[Estimated labor hours]] -> -4.4 | S4: =IF(tblWorkPackages[[#This Row],[Request date serial]]<ValidationStart,"Train 2024",IF(tblWorkPackages[[#This Row],[Request date serial]]<HoldoutStart,"Validation H1","Holdout H2")) -> Train 2024 | T4: =IF(tblWorkPackages[[#This Row],[Time split]]="Train 2024","",tblWorkPackages[[#This Row],[Estimated labor hours]]+VLOOKUP(tblWorkPackages[[#This Row],[Task type]],'Forecast validation'!$A$14:$E$25,IF(tblWorkPackages[[#This Row],[Time split]]="Validation H1",4,5),FALSE())) | U4: =IF(tblWorkPackages[[#This Row],[Calibrated forecast hours]]="","",ABS(tblWorkPackages[[#This Row],[Actual labor hours]]-tblWorkPackages[[#This Row],[Calibrated forecast hours]])) | V4: =IF(tblWorkPackages[[#This Row],[Time split]]="Train 2024",tblWorkPackages[[#This Row],[Estimated labor hours]],tblWorkPackages[[#This Row],[Calibrated forecast hours]]) -> 19.1 | W4: =DATEVALUE(tblWorkPackages[[#This Row],[Request date]]) -> 45322 | X4: =DATEVALUE(tblWorkPackages[[#This Row],[Due date]]) -> 45324 | Y4: =DATEVALUE(tblWorkPackages[[#This Row],[Completion date]]) -> 45348 | Z4: =_xlfn.MINIFS(tblLaborEntries[Work date serial],tblLaborEntries[Work package ID],tblWorkPackages[[#This Row],[Work package ID]]) -> 45345 | AA4: =_xlfn.MAXIFS(tblLaborEntries[Work date serial],tblLaborEntries[Work package ID],tblWorkPackages[[#This Row],[Work package ID]]) -> 45346 | AB4: =IF(tblWorkPackages[[#This Row],[Completion date serial]]>tblWorkPackages[[#This Row],[Due date serial]],1,0) -> 1 | AC4: =MAX(0,tblWorkPackages[[#This Row],[Completion date serial]]-tblWorkPackages[[#This Row],[Due date serial]]) -> 24 | AD4: =tblWorkPackages[[#This Row],[First labor date]]-tblWorkPackages[[#This Row],[Request date serial]] -> 23 | AE4: =tblWorkPackages[[#This Row],[Last labor date]]-tblWorkPackages[[#This Row],[First labor date]] -> 1 | AF4: =tblWorkPackages[[#This Row],[Completion date serial]]-tblWorkPackages[[#This Row],[Last labor date]] -> 2 | AG4: =tblWorkPackages[[#This Row],[Completion date serial]]-tblWorkPackages[[#This Row],[Request date serial]] -> 26 | AH4: =IFERROR(INDEX(tblParts[Delay days],MATCH(tblWorkPackages[[#This Row],[Work package ID]],tblParts[Work package ID],0)),0) -> 0 | AI4: =IFERROR(INDEX(tblDisruptions[Event type],MATCH(tblWorkPackages[[#This Row],[Work package ID]],tblDisruptions[Work package ID],0)),"None") -> None | AJ4: =TEXT(tblWorkPackages[[#This Row],[Due date serial]],"yyyy-mm") -> 2024-02
A5: WP-00004 | B5: FT-04 | C5: 2024-08-23 | D5: 2024-08-25 | E5: Fuel system inspection | F5: Inspection | G5: Powerplant | H5: 2 | I5: Urgent | J5: 1 | K5: 0 | L5: 9.4 | M5: 2024-08-31 | N5: 12.9 | O5: =TEXT(tblWorkPackages[[#This Row],[Request date serial]]-WEEKDAY(tblWorkPackages[[#This Row],[Request date serial]],3),"yyyy-mm-dd") -> 2024-08-19 | P5: =ABS(tblWorkPackages[[#This Row],[Actual labor hours]]-tblWorkPackages[[#This Row],[Estimated labor hours]]) -> 3.5 | Q5: =IF(tblWorkPackages[[#This Row],[Actual labor hours]]>tblWorkPackages[[#This Row],[Estimated labor hours]],1,0) -> 1 | R5: =tblWorkPackages[[#This Row],[Actual labor hours]]-tblWorkPackages[[#This Row],[Estimated labor hours]] -> 3.5 | S5: =IF(tblWorkPackages[[#This Row],[Request date serial]]<ValidationStart,"Train 2024",IF(tblWorkPackages[[#This Row],[Request date serial]]<HoldoutStart,"Validation H1","Holdout H2")) -> Train 2024 | T5: =IF(tblWorkPackages[[#This Row],[Time split]]="Train 2024","",tblWorkPackages[[#This Row],[Estimated labor hours]]+VLOOKUP(tblWorkPackages[[#This Row],[Task type]],'Forecast validation'!$A$14:$E$25,IF(tblWorkPackages[[#This Row],[Time split]]="Validation H1",4,5),FALSE())) | U5: =IF(tblWorkPackages[[#This Row],[Calibrated forecast hours]]="","",ABS(tblWorkPackages[[#This Row],[Actual labor hours]]-tblWorkPackages[[#This Row],[Calibrated forecast hours]])) | V5: =IF(tblWorkPackages[[#This Row],[Time split]]="Train 2024",tblWorkPackages[[#This Row],[Estimated labor hours]],tblWorkPackages[[#This Row],[Calibrated forecast hours]]) -> 9.4 | W5: =DATEVALUE(tblWorkPackages[[#This Row],[Request date]]) -> 45527 | X5: =DATEVALUE(tblWorkPackages[[#This Row],[Due date]]) -> 45529 | Y5: =DATEVALUE(tblWorkPackages[[#This Row],[Completion date]]) -> 45535 | Z5: =_xlfn.MINIFS(tblLaborEntries[Work date serial],tblLaborEntries[Work package ID],tblWorkPackages[[#This Row],[Work package ID]]) -> 45531 | AA5: =_xlfn.MAXIFS(tblLaborEntries[Work date serial],tblLaborEntries[Work package ID],tblWorkPackages[[#This Row],[Work package ID]]) -> 45532 | AB5: =IF(tblWorkPackages[[#This Row],[Completion date serial]]>tblWorkPackages[[#This Row],[Due date serial]],1,0) -> 1 | AC5: =MAX(0,tblWorkPackages[[#This Row],[Completion date serial]]-tblWorkPackages[[#This Row],[Due date serial]]) -> 6 | AD5: =tblWorkPackages[[#This Row],[First labor date]]-tblWorkPackages[[#This Row],[Request date serial]] -> 4 | AE5: =tblWorkPackages[[#This Row],[Last labor date]]-tblWorkPackages[[#This Row],[First labor date]] -> 1 | AF5: =tblWorkPackages[[#This Row],[Completion date serial]]-tblWorkPackages[[#This Row],[Last labor date]] -> 3 | AG5: =tblWorkPackages[[#This Row],[Completion date serial]]-tblWorkPackages[[#This Row],[Request date serial]] -> 8 | AH5: =IFERROR(INDEX(tblParts[Delay days],MATCH(tblWorkPackages[[#This Row],[Work package ID]],tblParts[Work package ID],0)),0) -> 0 | AI5: =IFERROR(INDEX(tblDisruptions[Event type],MATCH(tblWorkPackages[[#This Row],[Work package ID]],tblDisruptions[Work package ID],0)),"None") -> None | AJ5: =TEXT(tblWorkPackages[[#This Row],[Due date serial]],"yyyy-mm") -> 2024-08
A6: WP-00005 | B6: FT-05 | C6: 2024-12-01 | D6: 2024-12-14 | E6: Postflight discrepancy review | F6: Inspection | G6: Avionics | H6: 4 | I6: Routine | J6: 0 | K6: 1 | L6: 7.3 | M6: 2024-12-02 | N6: 8 | O6: =TEXT(tblWorkPackages[[#This Row],[Request date serial]]-WEEKDAY(tblWorkPackages[[#This Row],[Request date serial]],3),"yyyy-mm-dd") -> 2024-11-25 | P6: =ABS(tblWorkPackages[[#This Row],[Actual labor hours]]-tblWorkPackages[[#This Row],[Estimated labor hours]]) -> 0.7 | Q6: =IF(tblWorkPackages[[#This Row],[Actual labor hours]]>tblWorkPackages[[#This Row],[Estimated labor hours]],1,0) -> 1 | R6: =tblWorkPackages[[#This Row],[Actual labor hours]]-tblWorkPackages[[#This Row],[Estimated labor hours]] -> 0.7 | S6: =IF(tblWorkPackages[[#This Row],[Request date serial]]<ValidationStart,"Train 2024",IF(tblWorkPackages[[#This Row],[Request date serial]]<HoldoutStart,"Validation H1","Holdout H2")) -> Train 2024 | T6: =IF(tblWorkPackages[[#This Row],[Time split]]="Train 2024","",tblWorkPackages[[#This Row],[Estimated labor hours]]+VLOOKUP(tblWorkPackages[[#This Row],[Task type]],'Forecast validation'!$A$14:$E$25,IF(tblWorkPackages[[#This Row],[Time split]]="Validation H1",4,5),FALSE())) | U6: =IF(tblWorkPackages[[#This Row],[Calibrated forecast hours]]="","",ABS(tblWorkPackages[[#This Row],[Actual labor hours]]-tblWorkPackages[[#This Row],[Calibrated forecast hours]])) | V6: =IF(tblWorkPackages[[#This Row],[Time split]]="Train 2024",tblWorkPackages[[#This Row],[Estimated labor hours]],tblWorkPackages[[#This Row],[Calibrated forecast hours]]) -> 7.3 | W6: =DATEVALUE(tblWorkPackages[[#This Row],[Request date]]) -> 45627 | X6: =DATEVALUE(tblWorkPackages[[#This Row],[Due date]]) -> 45640 | Y6: =DATEVALUE(tblWorkPackages[[#This Row],[Completion date]]) -> 45628 | Z6: =_xlfn.MINIFS(tblLaborEntries[Work date serial],tblLaborEntries[Work package ID],tblWorkPackages[[#This Row],[Work package ID]]) -> 45628 | AA6: =_xlfn.MAXIFS(tblLaborEntries[Work date serial],tblLaborEntries[Work package ID],tblWorkPackages[[#This Row],[Work package ID]]) -> 45628 | AB6: =IF(tblWorkPackages[[#This Row],[Completion date serial]]>tblWorkPackages[[#This Row],[Due date serial]],1,0) -> 0 | AC6: =MAX(0,tblWorkPackages[[#This Row],[Completion date serial]]-tblWorkPackages[[#This Row],[Due date serial]]) -> 0 | AD6: =tblWorkPackages[[#This Row],[First labor date]]-tblWorkPackages[[#This Row],[Request date serial]] -> 1 | AE6: =tblWorkPackages[[#This Row],[Last labor date]]-tblWorkPackages[[#This Row],[First labor date]] -> 0 | AF6: =tblWorkPackages[[#This Row],[Completion date serial]]-tblWorkPackages[[#This Row],[Last labor date]] -> 0 | AG6: =tblWorkPackages[[#This Row],[Completion date serial]]-tblWorkPackages[[#This Row],[Request date serial]] -> 1 | AH6: =IFERROR(INDEX(tblParts[Delay days],MATCH(tblWorkPackages[[#This Row],[Work package ID]],tblParts[Work package ID],0)),0) -> 0 | AI6: =IFERROR(INDEX(tblDisruptions[Event type],MATCH(tblWorkPackages[[#This Row],[Work package ID]],tblDisruptions[Work package ID],0)),"None") -> None | AJ6: =TEXT(tblWorkPackages[[#This Row],[Due date serial]],"yyyy-mm") -> 2024-12
A7: WP-00006 | B7: FT-11 | C7: 2024-06-29 | D7: 2024-07-01 | E7: Flight control inspection | F7: Inspection | G7: Airframe | H7: 2 | I7: Urgent | J7: 0 | K7: 1 | L7: 7.2 | M7: 2024-07-12 | N7: 7.2 | O7: =TEXT(tblWorkPackages[[#This Row],[Request date serial]]-WEEKDAY(tblWorkPackages[[#This Row],[Request date serial]],3),"yyyy-mm-dd") -> 2024-06-24 | P7: =ABS(tblWorkPackages[[#This Row],[Actual labor hours]]-tblWorkPackages[[#This Row],[Estimated labor hours]]) -> 0 | Q7: =IF(tblWorkPackages[[#This Row],[Actual labor hours]]>tblWorkPackages[[#This Row],[Estimated labor hours]],1,0) -> 0 | R7: =tblWorkPackages[[#This Row],[Actual labor hours]]-tblWorkPackages[[#This Row],[Estimated labor hours]] -> 0 | S7: =IF(tblWorkPackages[[#This Row],[Request date serial]]<ValidationStart,"Train 2024",IF(tblWorkPackages[[#This Row],[Request date serial]]<HoldoutStart,"Validation H1","Holdout H2")) -> Train 2024 | T7: =IF(tblWorkPackages[[#This Row],[Time split]]="Train 2024","",tblWorkPackages[[#This Row],[Estimated labor hours]]+VLOOKUP(tblWorkPackages[[#This Row],[Task type]],'Forecast validation'!$A$14:$E$25,IF(tblWorkPackages[[#This Row],[Time split]]="Validation H1",4,5),FALSE())) | U7: =IF(tblWorkPackages[[#This Row],[Calibrated forecast hours]]="","",ABS(tblWorkPackages[[#This Row],[Actual labor hours]]-tblWorkPackages[[#This Row],[Calibrated forecast hours]])) | V7: =IF(tblWorkPackages[[#This Row],[Time split]]="Train 2024",tblWorkPackages[[#This Row],[Estimated labor hours]],tblWorkPackages[[#This Row],[Calibrated forecast hours]]) -> 7.2 | W7: =DATEVALUE(tblWorkPackages[[#This Row],[Request date]]) -> 45472 | X7: =DATEVALUE(tblWorkPackages[[#This Row],[Due date]]) -> 45474 | Y7: =DATEVALUE(tblWorkPackages[[#This Row],[Completion date]]) -> 45485 | Z7: =_xlfn.MINIFS(tblLaborEntries[Work date serial],tblLaborEntries[Work package ID],tblWorkPackages[[#This Row],[Work package ID]]) -> 45484 | AA7: =_xlfn.MAXIFS(tblLaborEntries[Work date serial],tblLaborEntries[Work package ID],tblWorkPackages[[#This Row],[Work package ID]]) -> 45484 | AB7: =IF(tblWorkPackages[[#This Row],[Completion date serial]]>tblWorkPackages[[#This Row],[Due date serial]],1,0) -> 1 | AC7: =MAX(0,tblWorkPackages[[#This Row],[Completion date serial]]-tblWorkPackages[[#This Row],[Due date serial]]) -> 11 | AD7: =tblWorkPackages[[#This Row],[First labor date]]-tblWorkPackages[[#This Row],[Request date serial]] -> 12 | AE7: =tblWorkPackages[[#This Row],[Last labor date]]-tblWorkPackages[[#This Row],[First labor date]] -> 0 | AF7: =tblWorkPackages[[#This Row],[Completion date serial]]-tblWorkPackages[[#This Row],[Last labor date]] -> 1 | AG7: =tblWorkPackages[[#This Row],[Completion date serial]]-tblWorkPackages[[#This Row],[Request date serial]] -> 13 | AH7: =IFERROR(INDEX(tblParts[Delay days],MATCH(tblWorkPackages[[#This Row],[Work package ID]],tblParts[Work package ID],0)),0) -> 0 | AI7: =IFERROR(INDEX(tblDisruptions[Event type],MATCH(tblWorkPackages[[#This Row],[Work package ID]],tblDisruptions[Work package ID],0)),"None") -> None | AJ7: =TEXT(tblWorkPackages[[#This Row],[Due date serial]],"yyyy-mm") -> 2024-07
A8: WP-00007 | B8: FT-08 | C8: 2024-10-20 | D8: 2024-10-22 | E8: Flight control inspection | F8: Inspection | G8: Airframe | H8: 1 | I8: Urgent | J8: 0 | K8: 0 | L8: 4.2 | M8: 2024-10-25 | N8: 4.9 | O8: =TEXT(tblWorkPackages[[#This Row],[Request date serial]]-WEEKDAY(tblWorkPackages[[#This Row],[Request date serial]],3),"yyyy-mm-dd") -> 2024-10-14 | P8: =ABS(tblWorkPackages[[#This Row],[Actual labor hours]]-tblWorkPackages[[#This Row],[Estimated labor hours]]) -> 0.7 | Q8: =IF(tblWorkPackages[[#This Row],[Actual labor hours]]>tblWorkPackages[[#This Row],[Estimated labor hours]],1,0) -> 1 | R8: =tblWorkPackages[[#This Row],[Actual labor hours]]-tblWorkPackages[[#This Row],[Estimated labor hours]] -> 0.7 | S8: =IF(tblWorkPackages[[#This Row],[Request date serial]]<ValidationStart,"Train 2024",IF(tblWorkPackages[[#This Row],[Request date serial]]<HoldoutStart,"Validation H1","Holdout H2")) -> Train 2024 | T8: =IF(tblWorkPackages[[#This Row],[Time split]]="Train 2024","",tblWorkPackages[[#This Row],[Estimated labor hours]]+VLOOKUP(tblWorkPackages[[#This Row],[Task type]],'Forecast validation'!$A$14:$E$25,IF(tblWorkPackages[[#This Row],[Time split]]="Validation H1",4,5),FALSE())) | U8: =IF(tblWorkPackages[[#This Row],[Calibrated forecast hours]]="","",ABS(tblWorkPackages[[#This Row],[Actual labor hours]]-tblWorkPackages[[#This Row],[Calibrated forecast hours]])) | V8: =IF(tblWorkPackages[[#This Row],[Time split]]="Train 2024",tblWorkPackages[[#This Row],[Estimated labor hours]],tblWorkPackages[[#This Row],[Calibrated forecast hours]]) -> 4.2 | W8: =DATEVALUE(tblWorkPackages[[#This Row],[Request date]]) -> 45585 | X8: =DATEVALUE(tblWorkPackages[[#This Row],[Due date]]) -> 45587 | Y8: =DATEVALUE(tblWorkPackages[[#This Row],[Completion date]]) -> 45590 | Z8: =_xlfn.MINIFS(tblLaborEntries[Work date serial],tblLaborEntries[Work package ID],tblWorkPackages[[#This Row],[Work package ID]]) -> 45588 | AA8: =_xlfn.MAXIFS(tblLaborEntries[Work date serial],tblLaborEntries[Work package ID],tblWorkPackages[[#This Row],[Work package ID]]) -> 45588 | AB8: =IF(tblWorkPackages[[#This Row],[Completion date serial]]>tblWorkPackages[[#This Row],[Due date serial]],1,0) -> 1 | AC8: =MAX(0,tblWorkPackages[[#This Row],[Completion date serial]]-tblWorkPackages[[#This Row],[Due date serial]]) -> 3 | AD8: =tblWorkPackages[[#This Row],[First labor date]]-tblWorkPackages[[#This Row],[Request date serial]] -> 3 | AE8: =tblWorkPackages[[#This Row],[Last labor date]]-tblWorkPackages[[#This Row],[First labor date]] -> 0 | AF8: =tblWorkPackages[[#This Row],[Completion date serial]]-tblWorkPackages[[#This Row],[Last labor date]] -> 2 | AG8: =tblWorkPackages[[#This Row],[Completion date serial]]-tblWorkPackages[[#This Row],[Request date serial]] -> 5 | AH8: =IFERROR(INDEX(tblParts[Delay days],MATCH(tblWorkPackages[[#This Row],[Work package ID]],tblParts[Work package ID],0)),0) -> 0 | AI8: =IFERROR(INDEX(tblDisruptions[Event type],MATCH(tblWorkPackages[[#This Row],[Work package ID]],tblDisruptions[Work package ID],0)),"None") -> None | AJ8: =TEXT(tblWorkPackages[[#This Row],[Due date serial]],"yyyy-mm") -> 2024-10
A9: WP-00008 | B9: FT-01 | C9: 2025-06-28 | D9: 2025-07-04 | E9: Hydraulic leak diagnosis | F9: Corrective | G9: Hydraulics | H9: 1 | I9: High | J9: 0 | K9: 1 | L9: 7 | M9: 2025-08-17 | N9: 11 | O9: =TEXT(tblWorkPackages[[#This Row],[Request date serial]]-WEEKDAY(tblWorkPackages[[#This Row],[Request date serial]],3),"yyyy-mm-dd") -> 2025-06-23 | P9: =ABS(tblWorkPackages[[#This Row],[Actual labor hours]]-tblWorkPackages[[#This Row],[Estimated labor hours]]) -> 4 | Q9: =IF(tblWorkPackages[[#This Row],[Actual labor hours]]>tblWorkPackages[[#This Row],[Estimated labor hours]],1,0) -> 1 | R9: =tblWorkPackages[[#This Row],[Actual labor hours]]-tblWorkPackages[[#This Row],[Estimated labor hours]] -> 4 | S9: =IF(tblWorkPackages[[#This Row],[Request date serial]]<ValidationStart,"Train 2024",IF(tblWorkPackages[[#This Row],[Request date serial]]<HoldoutStart,"Validation H1","Holdout H2")) -> Validation H1 | T9: =IF(tblWorkPackages[[#This Row],[Time split]]="Train 2024","",tblWorkPackages[[#This Row],[Estimated labor hours]]+VLOOKUP(tblWorkPackages[[#This Row],[Task type]],'Forecast validation'!$A$14:$E$25,IF(tblWorkPackages[[#This Row],[Time split]]="Validation H1",4,5),FALSE())) -> 7.7547368 | U9: =IF(tblWorkPackages[[#This Row],[Calibrated forecast hours]]="","",ABS(tblWorkPackages[[#This Row],[Actual labor hours]]-tblWorkPackages[[#This Row],[Calibrated forecast hours]])) -> 3.2452632 | V9: =IF(tblWorkPackages[[#This Row],[Time split]]="Train 2024",tblWorkPackages[[#This Row],[Estimated labor hours]],tblWorkPackages[[#This Row],[Calibrated forecast hours]]) -> 7.7547368 | W9: =DATEVALUE(tblWorkPackages[[#This Row],[Request date]]) -> 45836 | X9: =DATEVALUE(tblWorkPackages[[#This Row],[Due date]]) -> 45842 | Y9: =DATEVALUE(tblWorkPackages[[#This Row],[Completion date]]) -> 45886 | Z9: =_xlfn.MINIFS(tblLaborEntries[Work date serial],tblLaborEntries[Work package ID],tblWorkPackages[[#This Row],[Work package ID]]) -> 45882 | AA9: =_xlfn.MAXIFS(tblLaborEntries[Work date serial],tblLaborEntries[Work package ID],tblWorkPackages[[#This Row],[Work package ID]]) -> 45883 | AB9: =IF(tblWorkPackages[[#This Row],[Completion date serial]]>tblWorkPackages[[#This Row],[Due date serial]],1,0) -> 1 | AC9: =MAX(0,tblWorkPackages[[#This Row],[Completion date serial]]-tblWorkPackages[[#This Row],[Due date serial]]) -> 44 | AD9: =tblWorkPackages[[#This Row],[First labor date]]-tblWorkPackages[[#This Row],[Request date serial]] -> 46 | AE9: =tblWorkPackages[[#This Row],[Last labor date]]-tblWorkPackages[[#This Row],[First labor date]] -> 1 | AF9: =tblWorkPackages[[#This Row],[Completion date serial]]-tblWorkPackages[[#This Row],[Last labor date]] -> 3 | AG9: =tblWorkPackages[[#This Row],[Completion date serial]]-tblWorkPackages[[#This Row],[Request date serial]] -> 50 | AH9: =IFERROR(INDEX(tblParts[Delay days],MATCH(tblWorkPackages[[#This Row],[Work package ID]],tblParts[Work package ID],0)),0) -> 10 | AI9: =IFERROR(INDEX(tblDisruptions[Event type],MATCH(tblWorkPackages[[#This Row],[Work package ID]],tblDisruptions[Work package ID],0)),"None") -> Part delay | AJ9: =TEXT(tblWorkPackages[[#This Row],[Due date serial]],"yyyy-mm") -> 2025-07
A10: WP-00009 | B10: FT-03 | C10: 2025-05-15 | D10: 2025-05-28 | E10: Sensor calibration | F10: Test support | G10: Avionics | H10: 2 | I10: Routine | J10: 0 | K10: 1 | L10: 8.6 | M10: 2025-05-22 | N10: 8.2 | O10: =TEXT(tblWorkPackages[[#This Row],[Request date serial]]-WEEKDAY(tblWorkPackages[[#This Row],[Request date serial]],3),"yyyy-mm-dd") -> 2025-05-12 | P10: =ABS(tblWorkPackages[[#This Row],[Actual labor hours]]-tblWorkPackages[[#This Row],[Estimated labor hours]]) -> 0.4 | Q10: =IF(tblWorkPackages[[#This Row],[Actual labor hours]]>tblWorkPackages[[#This Row],[Estimated labor hours]],1,0) -> 0 | R10: =tblWorkPackages[[#This Row],[Actual labor hours]]-tblWorkPackages[[#This Row],[Estimated labor hours]] -> -0.4 | S10: =IF(tblWorkPackages[[#This Row],[Request date serial]]<ValidationStart,"Train 2024",IF(tblWorkPackages[[#This Row],[Request date serial]]<HoldoutStart,"Validation H1","Holdout H2")) -> Validation H1 | T10: =IF(tblWorkPackages[[#This Row],[Time split]]="Train 2024","",tblWorkPackages[[#This Row],[Estimated labor hours]]+VLOOKUP(tblWorkPackages[[#This Row],[Task type]],'Forecast validation'!$A$14:$E$25,IF(tblWorkPackages[[#This Row],[Time split]]="Validation H1",4,5),FALSE())) -> 9.1840909 | U10: =IF(tblWorkPackages[[#This Row],[Calibrated forecast hours]]="","",ABS(tblWorkPackages[[#This Row],[Actual labor hours]]-tblWorkPackages[[#This Row],[Calibrated forecast hours]])) -> 0.98409091 | V10: =IF(tblWorkPackages[[#This Row],[Time split]]="Train 2024",tblWorkPackages[[#This Row],[Estimated labor hours]],tblWorkPackages[[#This Row],[Calibrated forecast hours]]) -> 9.1840909 | W10: =DATEVALUE(tblWorkPackages[[#This Row],[Request date]]) -> 45792 | X10: =DATEVALUE(tblWorkPackages[[#This Row],[Due date]]) -> 45805 | Y10: =DATEVALUE(tblWorkPackages[[#This Row],[Completion date]]) -> 45799 | Z10: =_xlfn.MINIFS(tblLaborEntries[Work date serial],tblLaborEntries[Work package ID],tblWorkPackages[[#This Row],[Work package ID]]) -> 45799 | AA10: =_xlfn.MAXIFS(tblLaborEntries[Work date serial],tblLaborEntries[Work package ID],tblWorkPackages[[#This Row],[Work package ID]]) -> 45799 | AB10: =IF(tblWorkPackages[[#This Row],[Completion date serial]]>tblWorkPackages[[#This Row],[Due date serial]],1,0) -> 0 | AC10: =MAX(0,tblWorkPackages[[#This Row],[Completion date serial]]-tblWorkPackages[[#This Row],[Due date serial]]) -> 0 | AD10: =tblWorkPackages[[#This Row],[First labor date]]-tblWorkPackages[[#This Row],[Request date serial]] -> 7 | AE10: =tblWorkPackages[[#This Row],[Last labor date]]-tblWorkPackages[[#This Row],[First labor date]] -> 0 | AF10: =tblWorkPackages[[#This Row],[Completion date serial]]-tblWorkPackages[[#This Row],[Last labor date]] -> 0 | AG10: =tblWorkPackages[[#This Row],[Completion date serial]]-tblWorkPackages[[#This Row],[Request date serial]] -> 7 | AH10: =IFERROR(INDEX(tblParts[Delay days],MATCH(tblWorkPackages[[#This Row],[Work package ID]],tblParts[Work package ID],0)),0) -> 0 | AI10: =IFERROR(INDEX(tblDisruptions[Event type],MATCH(tblWorkPackages[[#This Row],[Work package ID]],tblDisruptions[Work package ID],0)),"None") -> None | AJ10: =TEXT(tblWorkPackages[[#This Row],[Due date serial]],"yyyy-mm") -> 2025-05
A11: WP-00010 | B11: FT-09 | C11: 2025-02-19 | D11: 2025-02-25 | E11: Instrumentation installation | F11: Modification | G11: Avionics | H11: 1 | I11: High | J11: 0 | K11: 0 | L11: 10.5 | M11: 2025-02-23 | N11: 9 | O11: =TEXT(tblWorkPackages[[#This Row],[Request date serial]]-WEEKDAY(tblWorkPackages[[#This Row],[Request date serial]],3),"yyyy-mm-dd") -> 2025-02-17 | P11: =ABS(tblWorkPackages[[#This Row],[Actual labor hours]]-tblWorkPackages[[#This Row],[Estimated labor hours]]) -> 1.5 | Q11: =IF(tblWorkPackages[[#This Row],[Actual labor hours]]>tblWorkPackages[[#This Row],[Estimated labor hours]],1,0) -> 0 | R11: =tblWorkPackages[[#This Row],[Actual labor hours]]-tblWorkPackages[[#This Row],[Estimated labor hours]] -> -1.5 | S11: =IF(tblWorkPackages[[#This Row],[Request date serial]]<ValidationStart,"Train 2024",IF(tblWorkPackages[[#This Row],[Request date serial]]<HoldoutStart,"Validation H1","Holdout H2")) -> Validation H1 | T11: =IF(tblWorkPackages[[#This Row],[Time split]]="Train 2024","",tblWorkPackages[[#This Row],[Estimated labor hours]]+VLOOKUP(tblWorkPackages[[#This Row],[Task type]],'Forecast validation'!$A$14:$E$25,IF(tblWorkPackages[[#This Row],[Time split]]="Validation H1",4,5),FALSE())) -> 11.376531 | U11: =IF(tblWorkPackages[[#This Row],[Calibrated forecast hours]]="","",ABS(tblWorkPackages[[#This Row],[Actual labor hours]]-tblWorkPackages[[#This Row],[Calibrated forecast hours]])) -> 2.3765306 | V11: =IF(tblWorkPackages[[#This Row],[Time split]]="Train 2024",tblWorkPackages[[#This Row],[Estimated labor hours]],tblWorkPackages[[#This Row],[Calibrated forecast hours]]) -> 11.376531 | W11: =DATEVALUE(tblWorkPackages[[#This Row],[Request date]]) -> 45707 | X11: =DATEVALUE(tblWorkPackages[[#This Row],[Due date]]) -> 45713 | Y11: =DATEVALUE(tblWorkPackages[[#This Row],[Completion date]]) -> 45711 | Z11: =_xlfn.MINIFS(tblLaborEntries[Work date serial],tblLaborEntries[Work package ID],tblWorkPackages[[#This Row],[Work package ID]]) -> 45709 | AA11: =_xlfn.MAXIFS(tblLaborEntries[Work date serial],tblLaborEntries[Work package ID],tblWorkPackages[[#This Row],[Work package ID]]) -> 45710 | AB11: =IF(tblWorkPackages[[#This Row],[Completion date serial]]>tblWorkPackages[[#This Row],[Due date serial]],1,0) -> 0 | AC11: =MAX(0,tblWorkPackages[[#This Row],[Completion date serial]]-tblWorkPackages[[#This Row],[Due date serial]]) -> 0 | AD11: =tblWorkPackages[[#This Row],[First labor date]]-tblWorkPackages[[#This Row],[Request date serial]] -> 2 | AE11: =tblWorkPackages[[#This Row],[Last labor date]]-tblWorkPackages[[#This Row],[First labor date]] -> 1 | AF11: =tblWorkPackages[[#This Row],[Completion date serial]]-tblWorkPackages[[#This Row],[Last labor date]] -> 1 | AG11: =tblWorkPackages[[#This Row],[Completion date serial]]-tblWorkPackages[[#This Row],[Request date serial]] -> 4 | AH11: =IFERROR(INDEX(tblParts[Delay days],MATCH(tblWorkPackages[[#This Row],[Work package ID]],tblParts[Work package ID],0)),0) -> 0 | AI11: =IFERROR(INDEX(tblDisruptions[Event type],MATCH(tblWorkPackages[[#This Row],[Work package ID]],tblDisruptions[Work package ID],0)),"None") -> None | AJ11: =TEXT(tblWorkPackages[[#This Row],[Due date serial]],"yyyy-mm") -> 2025-02
A12: WP-00011 | B12: FT-06 | C12: 2025-08-14 | D12: 2025-08-27 | E12: Sensor calibration | F12: Test support | G12: Avionics | H12: 2 | I12: Routine | J12: 0 | K12: 0 | L12: 6.8 | M12: 2025-08-31 | N12: 5.2 | O12: =TEXT(tblWorkPackages[[#This Row],[Request date serial]]-WEEKDAY(tblWorkPackages[[#This Row],[Request date serial]],3),"yyyy-mm-dd") -> 2025-08-11 | P12: =ABS(tblWorkPackages[[#This Row],[Actual labor hours]]-tblWorkPackages[[#This Row],[Estimated labor hours]]) -> 1.6 | Q12: =IF(tblWorkPackages[[#This Row],[Actual labor hours]]>tblWorkPackages[[#This Row],[Estimated labor hours]],1,0) -> 0 | R12: =tblWorkPackages[[#This Row],[Actual labor hours]]-tblWorkPackages[[#This Row],[Estimated labor hours]] -> -1.6 | S12: =IF(tblWorkPackages[[#This Row],[Request date serial]]<ValidationStart,"Train 2024",IF(tblWorkPackages[[#This Row],[Request date serial]]<HoldoutStart,"Validation H1","Holdout H2")) -> Holdout H2 | T12: =IF(tblWorkPackages[[#This Row],[Time split]]="Train 2024","",tblWorkPackages[[#This Row],[Estimated labor hours]]+VLOOKUP(tblWorkPackages[[#This Row],[Task type]],'Forecast validation'!$A$14:$E$25,IF(tblWorkPackages[[#This Row],[Time split]]="Validation H1",4,5),FALSE())) -> 7.3916084 | U12: =IF(tblWorkPackages[[#This Row],[Calibrated forecast hours]]="","",ABS(tblWorkPackages[[#This Row],[Actual labor hours]]-tblWorkPackages[[#This Row],[Calibrated forecast hours]])) -> 2.1916084 | V12: =IF(tblWorkPackages[[#This Row],[Time split]]="Train 2024",tblWorkPackages[[#This Row],[Estimated labor hours]],tblWorkPackages[[#This Row],[Calibrated forecast hours]]) -> 7.3916084 | W12: =DATEVALUE(tblWorkPackages[[#This Row],[Request date]]) -> 45883 | X12: =DATEVALUE(tblWorkPackages[[#This Row],[Due date]]) -> 45896 | Y12: =DATEVALUE(tblWorkPackages[[#This Row],[Completion date]]) -> 45900 | Z12: =_xlfn.MINIFS(tblLaborEntries[Work date serial],tblLaborEntries[Work package ID],tblWorkPackages[[#This Row],[Work package ID]]) -> 45898 | AA12: =_xlfn.MAXIFS(tblLaborEntries[Work date serial],tblLaborEntries[Work package ID],tblWorkPackages[[#This Row],[Work package ID]]) -> 45898 | AB12: =IF(tblWorkPackages[[#This Row],[Completion date serial]]>tblWorkPackages[[#This Row],[Due date serial]],1,0) -> 1 | AC12: =MAX(0,tblWorkPackages[[#This Row],[Completion date serial]]-tblWorkPackages[[#This Row],[Due date serial]]) -> 4 | AD12: =tblWorkPackages[[#This Row],[First labor date]]-tblWorkPackages[[#This Row],[Request date serial]] -> 15 | AE12: =tblWorkPackages[[#This Row],[Last labor date]]-tblWorkPackages[[#This Row],[First labor date]] -> 0 | AF12: =tblWorkPackages[[#This Row],[Completion date serial]]-tblWorkPackages[[#This Row],[Last labor date]] -> 2 | AG12: =tblWorkPackages[[#This Row],[Completion date serial]]-tblWorkPackages[[#This Row],[Request date serial]] -> 17 | AH12: =IFERROR(INDEX(tblParts[Delay days],MATCH(tblWorkPackages[[#This Row],[Work package ID]],tblParts[Work package ID],0)),0) -> 0 | AI12: =IFERROR(INDEX(tblDisruptions[Event type],MATCH(tblWorkPackages[[#This Row],[Work package ID]],tblDisruptions[Work package ID],0)),"None") -> None | AJ12: =TEXT(tblWorkPackages[[#This Row],[Due date serial]],"yyyy-mm") -> 2025-08
A13: WP-00012 | B13: FT-08 | C13: 2024-10-09 | D13: 2024-10-15 | E13: Sensor calibration | F13: Test support | G13: Avionics | H13: 1 | I13: High | J13: 0 | K13: 0 | L13: 4.5 | M13: 2024-10-17 | N13: 5.7 | O13: =TEXT(tblWorkPackages[[#This Row],[Request date serial]]-WEEKDAY(tblWorkPackages[[#This Row],[Request date serial]],3),"yyyy-mm-dd") -> 2024-10-07 | P13: =ABS(tblWorkPackages[[#This Row],[Actual labor hours]]-tblWorkPackages[[#This Row],[Estimated labor hours]]) -> 1.2 | Q13: =IF(tblWorkPackages[[#This Row],[Actual labor hours]]>tblWorkPackages[[#This Row],[Estimated labor hours]],1,0) -> 1 | R13: =tblWorkPackages[[#This Row],[Actual labor hours]]-tblWorkPackages[[#This Row],[Estimated labor hours]] -> 1.2 | S13: =IF(tblWorkPackages[[#This Row],[Request date serial]]<ValidationStart,"Train 2024",IF(tblWorkPackages[[#This Row],[Request date serial]]<HoldoutStart,"Validation H1","Holdout H2")) -> Train 2024 | T13: =IF(tblWorkPackages[[#This Row],[Time split]]="Train 2024","",tblWorkPackages[[#This Row],[Estimated labor hours]]+VLOOKUP(tblWorkPackages[[#This Row],[Task type]],'Forecast validation'!$A$14:$E$25,IF(tblWorkPackages[[#This Row],[Time split]]="Validation H1",4,5),FALSE())) | U13: =IF(tblWorkPackages[[#This Row],[Calibrated forecast hours]]="","",ABS(tblWorkPackages[[#This Row],[Actual labor hours]]-tblWorkPackages[[#This Row],[Calibrated forecast hours]])) | V13: =IF(tblWorkPackages[[#This Row],[Time split]]="Train 2024",tblWorkPackages[[#This Row],[Estimated labor hours]],tblWorkPackages[[#This Row],[Calibrated forecast hours]]) -> 4.5 | W13: =DATEVALUE(tblWorkPackages[[#This Row],[Request date]]) -> 45574 | X13: =DATEVALUE(tblWorkPackages[[#This Row],[Due date]]) -> 45580 | Y13: =DATEVALUE(tblWorkPackages[[#This Row],[Completion date]]) -> 45582 | Z13: =_xlfn.MINIFS(tblLaborEntries[Work date serial],tblLaborEntries[Work package ID],tblWorkPackages[[#This Row],[Work package ID]]) -> 45578 | AA13: =_xlfn.MAXIFS(tblLaborEntries[Work date serial],tblLaborEntries[Work package ID],tblWorkPackages[[#This Row],[Work package ID]]) -> 45579 | AB13: =IF(tblWorkPackages[[#This Row],[Completion date serial]]>tblWorkPackages[[#This Row],[Due date serial]],1,0) -> 1 | AC13: =MAX(0,tblWorkPackages[[#This Row],[Completion date serial]]-tblWorkPackages[[#This Row],[Due date serial]]) -> 2 | AD13: =tblWorkPackages[[#This Row],[First labor date]]-tblWorkPackages[[#This Row],[Request date serial]] -> 4 | AE13: =tblWorkPackages[[#This Row],[Last labor date]]-tblWorkPackages[[#This Row],[First labor date]] -> 1 | AF13: =tblWorkPackages[[#This Row],[Completion date serial]]-tblWorkPackages[[#This Row],[Last labor date]] -> 3 | AG13: =tblWorkPackages[[#This Row],[Completion date serial]]-tblWorkPackages[[#This Row],[Request date serial]] -> 8 | AH13: =IFERROR(INDEX(tblParts[Delay days],MATCH(tblWorkPackages[[#This Row],[Work package ID]],tblParts[Work package ID],0)),0) -> 0 | AI13: =IFERROR(INDEX(tblDisruptions[Event type],MATCH(tblWorkPackages[[#This Row],[Work package ID]],tblDisruptions[Work package ID],0)),"None") -> None | AJ13: =TEXT(tblWorkPackages[[#This Row],[Due date serial]],"yyyy-mm") -> 2024-10
... A2401: WP-02400 | B2401: FT-03 | C2401: 2024-08-10 | D2401: 2024-08-16 | E2401: Preflight inspection | F2401: Inspection | G2401: Airframe | H2401: 3 | I2401: High | J2401: 0 | K2401: 0 | L2401: 4 | M2401: 2024-08-17 | N2401: 4 | O2401: =TEXT(tblWorkPackages[[#This Row],[Request date serial]]-WEEKDAY(tblWorkPackages[[#This Row],[Request date serial]],3),"yyyy-mm-dd") -> 2024-08-05 | P2401: =ABS(tblWorkPackages[[#This Row],[Actual labor hours]]-tblWorkPackages[[#This Row],[Estimated labor hours]]) -> 0 | Q2401: =IF(tblWorkPackages[[#This Row],[Actual labor hours]]>tblWorkPackages[[#This Row],[Estimated labor hours]],1,0) -> 0 | R2401: =tblWorkPackages[[#This Row],[Actual labor hours]]-tblWorkPackages[[#This Row],[Estimated labor hours]] -> 0 | S2401: =IF(tblWorkPackages[[#This Row],[Request date serial]]<ValidationStart,"Train 2024",IF(tblWorkPackages[[#This Row],[Request date serial]]<HoldoutStart,"Validation H1","Holdout H2")) -> Train 2024 | T2401: =IF(tblWorkPackages[[#This Row],[Time split]]="Train 2024","",tblWorkPackages[[#This Row],[Estimated labor hours]]+VLOOKUP(tblWorkPackages[[#This Row],[Task type]],'Forecast validation'!$A$14:$E$25,IF(tblWorkPackages[[#This Row],[Time split]]="Validation H1",4,5),FALSE())) | U2401: =IF(tblWorkPackages[[#This Row],[Calibrated forecast hours]]="","",ABS(tblWorkPackages[[#This Row],[Actual labor hours]]-tblWorkPackages[[#This Row],[Calibrated forecast hours]])) | V2401: =IF(tblWorkPackages[[#This Row],[Time split]]="Train 2024",tblWorkPackages[[#This Row],[Estimated labor hours]],tblWorkPackages[[#This Row],[Calibrated forecast hours]]) -> 4 | W2401: =DATEVALUE(tblWorkPackages[[#This Row],[Request date]]) -> 45514 | X2401: =DATEVALUE(tblWorkPackages[[#This Row],[Due date]]) -> 45520 | Y2401: =DATEVALUE(tblWorkPackages[[#This Row],[Completion date]]) -> 45521 | Z2401: =_xlfn.MINIFS(tblLaborEntries[Work date serial],tblLaborEntries[Work package ID],tblWorkPackages[[#This Row],[Work package ID]]) -> 45517 | AA2401: =_xlfn.MAXIFS(tblLaborEntries[Work date serial],tblLaborEntries[Work package ID],tblWorkPackages[[#This Row],[Work package ID]]) -> 45518 | AB2401: =IF(tblWorkPackages[[#This Row],[Completion date serial]]>tblWorkPackages[[#This Row],[Due date serial]],1,0) -> 1 | AC2401: =MAX(0,tblWorkPackages[[#This Row],[Completion date serial]]-tblWorkPackages[[#This Row],[Due date serial]]) -> 1 | AD2401: =tblWorkPackages[[#This Row],[First labor date]]-tblWorkPackages[[#This Row],[Request date serial]] -> 3 | AE2401: =tblWorkPackages[[#This Row],[Last labor date]]-tblWorkPackages[[#This Row],[First labor date]] -> 1 | AF2401: =tblWorkPackages[[#This Row],[Completion date serial]]-tblWorkPackages[[#This Row],[Last labor date]] -> 3 | AG2401: =tblWorkPackages[[#This Row],[Completion date serial]]-tblWorkPackages[[#This Row],[Request date serial]] -> 7 | AH2401: =IFERROR(INDEX(tblParts[Delay days],MATCH(tblWorkPackages[[#This Row],[Work package ID]],tblParts[Work package ID],0)),0) -> 0 | AI2401: =IFERROR(INDEX(tblDisruptions[Event type],MATCH(tblWorkPackages[[#This Row],[Work package ID]],tblDisruptions[Work package ID],0)),"None") -> None | AJ2401: =TEXT(tblWorkPackages[[#This Row],[Due date serial]],"yyyy-mm") -> 2024-08

Sheet Labor entries
A1: Labor entry ID | B1: Work package ID | C1: Technician ID | D1: Skill booked | E1: Work date | F1: Hours booked | G1: Overtime hours | H1: Work week (Monday) | I1: Work date serial
A2: LAB-000001 | B2: WP-00001 | C2: TECH-007 | D2: Airframe | E2: 2025-05-12 | F2: 3.8 | G2: 0 | H2: =TEXT(tblLaborEntries[[#This Row],[Work date serial]]-WEEKDAY(tblLaborEntries[[#This Row],[Work date serial]],3),"yyyy-mm-dd") -> 2025-05-12 | I2: =DATEVALUE(tblLaborEntries[[#This Row],[Work date]]) -> 45789
A3: LAB-000002 | B3: WP-00001 | C3: TECH-055 | D3: Airframe | E3: 2025-05-13 | F3: 4 | G3: 0 | H3: =TEXT(tblLaborEntries[[#This Row],[Work date serial]]-WEEKDAY(tblLaborEntries[[#This Row],[Work date serial]],3),"yyyy-mm-dd") -> 2025-05-12 | I3: =DATEVALUE(tblLaborEntries[[#This Row],[Work date]]) -> 45790
A4: LAB-000003 | B4: WP-00001 | C4: TECH-055 | D4: Airframe | E4: 2025-05-14 | F4: 3 | G4: 0 | H4: =TEXT(tblLaborEntries[[#This Row],[Work date serial]]-WEEKDAY(tblLaborEntries[[#This Row],[Work date serial]],3),"yyyy-mm-dd") -> 2025-05-12 | I4: =DATEVALUE(tblLaborEntries[[#This Row],[Work date]]) -> 45791
A5: LAB-000004 | B5: WP-00002 | C5: TECH-038 | D5: Avionics | E5: 2025-09-07 | F5: 6.9 | G5: 0 | H5: =TEXT(tblLaborEntries[[#This Row],[Work date serial]]-WEEKDAY(tblLaborEntries[[#This Row],[Work date serial]],3),"yyyy-mm-dd") -> 2025-09-01 | I5: =DATEVALUE(tblLaborEntries[[#This Row],[Work date]]) -> 45907
A6: LAB-000005 | B6: WP-00003 | C6: TECH-033 | D6: Hydraulics | E6: 2024-02-23 | F6: 7.9 | G6: 0 | H6: =TEXT(tblLaborEntries[[#This Row],[Work date serial]]-WEEKDAY(tblLaborEntries[[#This Row],[Work date serial]],3),"yyyy-mm-dd") -> 2024-02-19 | I6: =DATEVALUE(tblLaborEntries[[#This Row],[Work date]]) -> 45345
A7: LAB-000006 | B7: WP-00003 | C7: TECH-063 | D7: Hydraulics | E7: 2024-02-24 | F7: 6.8 | G7: 0 | H7: =TEXT(tblLaborEntries[[#This Row],[Work date serial]]-WEEKDAY(tblLaborEntries[[#This Row],[Work date serial]],3),"yyyy-mm-dd") -> 2024-02-19 | I7: =DATEVALUE(tblLaborEntries[[#This Row],[Work date]]) -> 45346
A8: LAB-000007 | B8: WP-00004 | C8: TECH-030 | D8: Powerplant | E8: 2024-08-27 | F8: 6.2 | G8: 0 | H8: =TEXT(tblLaborEntries[[#This Row],[Work date serial]]-WEEKDAY(tblLaborEntries[[#This Row],[Work date serial]],3),"yyyy-mm-dd") -> 2024-08-26 | I8: =DATEVALUE(tblLaborEntries[[#This Row],[Work date]]) -> 45531
A9: LAB-000008 | B9: WP-00004 | C9: TECH-054 | D9: Powerplant | E9: 2024-08-28 | F9: 6.7 | G9: 0 | H9: =TEXT(tblLaborEntries[[#This Row],[Work date serial]]-WEEKDAY(tblLaborEntries[[#This Row],[Work date serial]],3),"yyyy-mm-dd") -> 2024-08-26 | I9: =DATEVALUE(tblLaborEntries[[#This Row],[Work date]]) -> 45532
A10: LAB-000009 | B10: WP-00005 | C10: TECH-002 | D10: Avionics | E10: 2024-12-02 | F10: 8 | G10: 0 | H10: =TEXT(tblLaborEntries[[#This Row],[Work date serial]]-WEEKDAY(tblLaborEntries[[#This Row],[Work date serial]],3),"yyyy-mm-dd") -> 2024-12-02 | I10: =DATEVALUE(tblLaborEntries[[#This Row],[Work date]]) -> 45628
A11: LAB-000010 | B11: WP-00006 | C11: TECH-019 | D11: Airframe | E11: 2024-07-11 | F11: 7.2 | G11: 0 | H11: =TEXT(tblLaborEntries[[#This Row],[Work date serial]]-WEEKDAY(tblLaborEntries[[#This Row],[Work date serial]],3),"yyyy-mm-dd") -> 2024-07-08 | I11: =DATEVALUE(tblLaborEntries[[#This Row],[Work date]]) -> 45484
A12: LAB-000011 | B12: WP-00007 | C12: TECH-031 | D12: Airframe | E12: 2024-10-23 | F12: 4.9 | G12: 0 | H12: =TEXT(tblLaborEntries[[#This Row],[Work date serial]]-WEEKDAY(tblLaborEntries[[#This Row],[Work date serial]],3),"yyyy-mm-dd") -> 2024-10-21 | I12: =DATEVALUE(tblLaborEntries[[#This Row],[Work date]]) -> 45588
A13: LAB-000012 | B13: WP-00008 | C13: TECH-033 | D13: Hydraulics | E13: 2025-08-13 | F13: 5.3 | G13: 0 | H13: =TEXT(tblLaborEntries[[#This Row],[Work date serial]]-WEEKDAY(tblLaborEntries[[#This Row],[Work date serial]],3),"yyyy-mm-dd") -> 2025-08-11 | I13: =DATEVALUE(tblLaborEntries[[#This Row],[Work date]]) -> 45882
... A5476: LAB-005475 | B5476: WP-02400 | C5476: TECH-061 | D5476: Airframe | E5476: 2024-08-14 | F5476: 2.2 | G5476: 0 | H5476: =TEXT(tblLaborEntries[[#This Row],[Work date serial]]-WEEKDAY(tblLaborEntries[[#This Row],[Work date serial]],3),"yyyy-mm-dd") -> 2024-08-12 | I5476: =DATEVALUE(tblLaborEntries[[#This Row],[Work date]]) -> 45518

Sheet Technicians
A1: Technician ID | B1: Primary skill | C1: Shift | D1: Start year | E1: Availability factor
A2: TECH-001 | B2: Airframe | C2: Day | D2: 2024 | E2: 0.86677347
A3: TECH-002 | B3: Avionics | C3: Day | D3: 2024 | E3: 0.83847801
A4: TECH-003 | B4: Hydraulics | C4: Day | D4: 2024 | E4: 0.85293262
A5: TECH-004 | B5: Electrical | C5: Swing | D5: 2024 | E5: 0.88714954
A6: TECH-005 | B6: Structures | C6: Day | D6: 2024 | E6: 0.79466289
A7: TECH-006 | B7: Powerplant | C7: Day | D7: 2024 | E7: 0.88049859
A8: TECH-007 | B8: Airframe | C8: Day | D8: 2024 | E8: 0.76131571
A9: TECH-008 | B9: Avionics | C9: Swing | D9: 2024 | E9: 0.77890785
A10: TECH-009 | B10: Hydraulics | C10: Day | D10: 2024 | E10: 0.86591699
A11: TECH-010 | B11: Electrical | C11: Day | D11: 2024 | E11: 0.74483903
A12: TECH-011 | B12: Structures | C12: Day | D12: 2024 | E12: 0.73768907
A13: TECH-012 | B13: Powerplant | C13: Swing | D13: 2024 | E13: 0.83654623
... A76: TECH-075 | B76: Hydraulics | C76: Day | D76: 2024 | E76: 0.73816894

Sheet Parts
A1: Part record ID | B1: Work package ID | C1: Part category | D1: Needed date | E1: Available date | F1: Delay days | G1: Status
A2: PART-00001 | B2: WP-00003 | C2: Valve | D2: 2024-01-31 | E2: 2024-01-31 | F2: 0 | G2: On time
A3: PART-00002 | B3: WP-00005 | C3: Sensor | D3: 2024-12-01 | E3: 2024-12-01 | F3: 0 | G3: On time
A4: PART-00003 | B4: WP-00006 | C4: Fastener kit | D4: 2024-06-29 | E4: 2024-06-29 | F4: 0 | G4: On time
A5: PART-00004 | B5: WP-00008 | C5: Valve | D5: 2025-06-28 | E5: 2025-07-08 | F5: 10 | G5: Delayed
A6: PART-00005 | B6: WP-00009 | C6: Seal kit | D6: 2025-05-15 | E6: 2025-05-15 | F6: 0 | G6: On time
A7: PART-00006 | B7: WP-00015 | C7: Actuator | D7: 2025-08-08 | E7: 2025-08-08 | F7: 0 | G7: On time
A8: PART-00007 | B8: WP-00024 | C8: Harness | D8: 2024-12-26 | E8: 2024-12-26 | F8: 0 | G8: On time
A9: PART-00008 | B9: WP-00025 | C9: Valve | D9: 2024-12-06 | E9: 2024-12-06 | F9: 0 | G9: On time
A10: PART-00009 | B10: WP-00029 | C10: Fastener kit | D10: 2025-04-01 | E10: 2025-04-01 | F10: 0 | G10: On time
A11: PART-00010 | B11: WP-00031 | C11: Valve | D11: 2025-01-22 | E11: 2025-01-22 | F11: 0 | G11: On time
A12: PART-00011 | B12: WP-00032 | C12: Valve | D12: 2025-08-28 | E12: 2025-08-28 | F12: 0 | G12: On time
A13: PART-00012 | B13: WP-00035 | C13: Seal kit | D13: 2024-08-26 | E13: 2024-08-26 | F13: 0 | G13: On time
... A835: PART-00834 | B835: WP-02396 | C835: Sensor | D835: 2025-08-20 | E835: 2025-08-20 | F835: 0 | G835: On time

Sheet Disruptions
A1: Disruption ID | B1: Work package ID | C1: Event type | D1: Event date | E1: Impact days | F1: Cause
A2: DIS-00001 | B2: WP-00008 | C2: Part delay | D2: 2025-06-28 | E2: 10 | F2: Supplier lead time
A3: DIS-00002 | B3: WP-00027 | C3: Equipment unavailable | D3: 2024-08-18 | E3: 2 | F3: Operational event
A4: DIS-00003 | B4: WP-00046 | C4: Equipment unavailable | D4: 2025-10-19 | E4: 2 | F4: Operational event
A5: DIS-00004 | B5: WP-00047 | C5: Part delay | D5: 2025-11-16 | E5: 4 | F5: Supplier lead time
A6: DIS-00005 | B6: WP-00067 | C6: Repeat inspection | D6: 2024-05-21 | E6: 2 | F6: Operational event
A7: DIS-00006 | B7: WP-00071 | C7: Part delay | D7: 2024-05-04 | E7: 10 | F7: Supplier lead time
A8: DIS-00007 | B8: WP-00076 | C8: Equipment unavailable | D8: 2024-09-04 | E8: 2 | F8: Operational event
A9: DIS-00008 | B9: WP-00078 | C9: Part delay | D9: 2024-06-27 | E9: 6 | F9: Supplier lead time
A10: DIS-00009 | B10: WP-00079 | C10: Part delay | D10: 2024-01-26 | E10: 11 | F10: Supplier lead time
A11: DIS-00010 | B11: WP-00087 | C11: Part delay | D11: 2025-03-30 | E11: 12 | F11: Supplier lead time
A12: DIS-00011 | B12: WP-00093 | C12: Technician absence | D12: 2025-01-05 | E12: 2 | F12: Operational event
A13: DIS-00012 | B13: WP-00097 | C13: Part delay | D13: 2024-01-20 | E13: 4 | F13: Supplier lead time
... A302: DIS-00301 | B302: WP-02389 | C302: Part delay | D302: 2025-05-11 | E302: 6 | F302: Supplier lead time

Sheet Task rules
A1: Task type | B1: Work class | C1: Required skill | D1: Baseline hours | E1: Spread driver
A2: Preflight inspection | B2: Inspection | C2: Airframe | D2: 3.2 | E2: 1
A3: Postflight discrepancy review | B3: Inspection | C3: Avionics | D3: 4.8 | E3: 1.5
A4: Instrumentation installation | B4: Modification | C4: Avionics | D4: 15 | E4: 3.3
A5: Sensor calibration | B5: Test support | C5: Avionics | D5: 8 | E5: 2
A6: Hydraulic leak diagnosis | B6: Corrective | C6: Hydraulics | D6: 11 | E6: 3.2
A7: Electrical fault isolation | B7: Corrective | C7: Electrical | D7: 12 | E7: 3.5
A8: Flight control inspection | B8: Inspection | C8: Airframe | D8: 7.5 | E8: 2.1
A9: Structural repair | B9: Corrective | C9: Structures | D9: 22 | E9: 5.2
A10: Software/configuration check | B10: Test support | C10: Avionics | D10: 5.5 | E10: 1.4
A11: Scheduled system service | B11: Preventive | C11: Airframe | D11: 9 | E11: 2
A12: Engine run support | B12: Test support | C12: Powerplant | D12: 13 | E12: 2.7
A13: Fuel system inspection | B13: Inspection | C13: Powerplant | D13: 10 | E13: 2.8

Sheet Weekly history
A2: Weekly maintenance workload
A4: History | B4: 105 consecutive weeks
A5: First week | B5: 2024-01-01
A6: Last week | B6: 2025-12-29
A7: Jobs requested | B7: =SUM(B11:B115) -> 2400
A8: Actual hours for those jobs | B8: =SUM(D11:D115) -> 29351.1
A10: Week of (Monday) | B10: Jobs requested | C10: Estimated hours for requests | D10: Actual hours for requests | E10: Hours booked that week | F10: Urgent jobs requested | G10: Planning forecast hours for requests
A11: 2024-01-01 | B11: =COUNTIFS(tblWorkPackages[Request week (Monday)],A11) -> 16 | C11: =SUMIFS(tblWorkPackages[Estimated labor hours],tblWorkPackages[Request week (Monday)],A11) -> 167.5 | D11: =SUMIFS(tblWorkPackages[Actual labor hours],tblWorkPackages[Request week (Monday)],A11) -> 179.7 | E11: =SUMIFS(tblLaborEntries[Hours booked],tblLaborEntries[Work week (Monday)],A11) -> 99.2 | F11: =COUNTIFS(tblWorkPackages[Request week (Monday)],A11,tblWorkPackages[Priority],"Urgent") -> 0 | G11: =SUMIFS(tblWorkPackages[Planning forecast hours],tblWorkPackages[Request week (Monday)],A11) -> 167.5
A12: 2024-01-08 | B12: =COUNTIFS(tblWorkPackages[Request week (Monday)],A12) -> 21 | C12: =SUMIFS(tblWorkPackages[Estimated labor hours],tblWorkPackages[Request week (Monday)],A12) -> 249.9 | D12: =SUMIFS(tblWorkPackages[Actual labor hours],tblWorkPackages[Request week (Monday)],A12) -> 260 | E12: =SUMIFS(tblLaborEntries[Hours booked],tblLaborEntries[Work week (Monday)],A12) -> 120.5 | F12: =COUNTIFS(tblWorkPackages[Request week (Monday)],A12,tblWorkPackages[Priority],"Urgent") -> 2 | G12: =SUMIFS(tblWorkPackages[Planning forecast hours],tblWorkPackages[Request week (Monday)],A12) -> 249.9
A13: 2024-01-15 | B13: =COUNTIFS(tblWorkPackages[Request week (Monday)],A13) -> 20 | C13: =SUMIFS(tblWorkPackages[Estimated labor hours],tblWorkPackages[Request week (Monday)],A13) -> 222.7 | D13: =SUMIFS(tblWorkPackages[Actual labor hours],tblWorkPackages[Request week (Monday)],A13) -> 224.7 | E13: =SUMIFS(tblLaborEntries[Hours booked],tblLaborEntries[Work week (Monday)],A13) -> 121.4 | F13: =COUNTIFS(tblWorkPackages[Request week (Monday)],A13,tblWorkPackages[Priority],"Urgent") -> 3 | G13: =SUMIFS(tblWorkPackages[Planning forecast hours],tblWorkPackages[Request week (Monday)],A13) -> 222.7
A14: 2024-01-22 | B14: =COUNTIFS(tblWorkPackages[Request week (Monday)],A14) -> 21 | C14: =SUMIFS(tblWorkPackages[Estimated labor hours],tblWorkPackages[Request week (Monday)],A14) -> 227.3 | D14: =SUMIFS(tblWorkPackages[Actual labor hours],tblWorkPackages[Request week (Monday)],A14) -> 245.1 | E14: =SUMIFS(tblLaborEntries[Hours booked],tblLaborEntries[Work week (Monday)],A14) -> 257.3 | F14: =COUNTIFS(tblWorkPackages[Request week (Monday)],A14,tblWorkPackages[Priority],"Urgent") -> 2 | G14: =SUMIFS(tblWorkPackages[Planning forecast hours],tblWorkPackages[Request week (Monday)],A14) -> 227.3
A15: 2024-01-29 | B15: =COUNTIFS(tblWorkPackages[Request week (Monday)],A15) -> 22 | C15: =SUMIFS(tblWorkPackages[Estimated labor hours],tblWorkPackages[Request week (Monday)],A15) -> 233.8 | D15: =SUMIFS(tblWorkPackages[Actual labor hours],tblWorkPackages[Request week (Monday)],A15) -> 234.2 | E15: =SUMIFS(tblLaborEntries[Hours booked],tblLaborEntries[Work week (Monday)],A15) -> 86.7 | F15: =COUNTIFS(tblWorkPackages[Request week (Monday)],A15,tblWorkPackages[Priority],"Urgent") -> 3 | G15: =SUMIFS(tblWorkPackages[Planning forecast hours],tblWorkPackages[Request week (Monday)],A15) -> 233.8
A16: 2024-02-05 | B16: =COUNTIFS(tblWorkPackages[Request week (Monday)],A16) -> 21 | C16: =SUMIFS(tblWorkPackages[Estimated labor hours],tblWorkPackages[Request week (Monday)],A16) -> 237.4 | D16: =SUMIFS(tblWorkPackages[Actual labor hours],tblWorkPackages[Request week (Monday)],A16) -> 256.6 | E16: =SUMIFS(tblLaborEntries[Hours booked],tblLaborEntries[Work week (Monday)],A16) -> 322.4 | F16: =COUNTIFS(tblWorkPackages[Request week (Monday)],A16,tblWorkPackages[Priority],"Urgent") -> 3 | G16: =SUMIFS(tblWorkPackages[Planning forecast hours],tblWorkPackages[Request week (Monday)],A16) -> 237.4
A17: 2024-02-12 | B17: =COUNTIFS(tblWorkPackages[Request week (Monday)],A17) -> 26 | C17: =SUMIFS(tblWorkPackages[Estimated labor hours],tblWorkPackages[Request week (Monday)],A17) -> 342.8 | D17: =SUMIFS(tblWorkPackages[Actual labor hours],tblWorkPackages[Request week (Monday)],A17) -> 349.7 | E17: =SUMIFS(tblLaborEntries[Hours booked],tblLaborEntries[Work week (Monday)],A17) -> 228 | F17: =COUNTIFS(tblWorkPackages[Request week (Monday)],A17,tblWorkPackages[Priority],"Urgent") -> 3 | G17: =SUMIFS(tblWorkPackages[Planning forecast hours],tblWorkPackages[Request week (Monday)],A17) -> 342.8
A18: 2024-02-19 | B18: =COUNTIFS(tblWorkPackages[Request week (Monday)],A18) -> 13 | C18: =SUMIFS(tblWorkPackages[Estimated labor hours],tblWorkPackages[Request week (Monday)],A18) -> 135.4 | D18: =SUMIFS(tblWorkPackages[Actual labor hours],tblWorkPackages[Request week (Monday)],A18) -> 152.3 | E18: =SUMIFS(tblLaborEntries[Hours booked],tblLaborEntries[Work week (Monday)],A18) -> 183.6 | F18: =COUNTIFS(tblWorkPackages[Request week (Monday)],A18,tblWorkPackages[Priority],"Urgent") -> 2 | G18: =SUMIFS(tblWorkPackages[Planning forecast hours],tblWorkPackages[Request week (Monday)],A18) -> 135.4
A19: 2024-02-26 | B19: =COUNTIFS(tblWorkPackages[Request week (Monday)],A19) -> 26 | C19: =SUMIFS(tblWorkPackages[Estimated labor hours],tblWorkPackages[Request week (Monday)],A19) -> 410.7 | D19: =SUMIFS(tblWorkPackages[Actual labor hours],tblWorkPackages[Request week (Monday)],A19) -> 433.1 | E19: =SUMIFS(tblLaborEntries[Hours booked],tblLaborEntries[Work week (Monday)],A19) -> 398.9 | F19: =COUNTIFS(tblWorkPackages[Request week (Monday)],A19,tblWorkPackages[Priority],"Urgent") -> 1 | G19: =SUMIFS(tblWorkPackages[Planning forecast hours],tblWorkPackages[Request week (Monday)],A19) -> 410.7
A20: 2024-03-04 | B20: =COUNTIFS(tblWorkPackages[Request week (Monday)],A20) -> 30 | C20: =SUMIFS(tblWorkPackages[Estimated labor hours],tblWorkPackages[Request week (Monday)],A20) -> 399.2 | D20: =SUMIFS(tblWorkPackages[Actual labor hours],tblWorkPackages[Request week (Monday)],A20) -> 411.4 | E20: =SUMIFS(tblLaborEntries[Hours booked],tblLaborEntries[Work week (Monday)],A20) -> 348.9 | F20: =COUNTIFS(tblWorkPackages[Request week (Monday)],A20,tblWorkPackages[Priority],"Urgent") -> 3 | G20: =SUMIFS(tblWorkPackages[Planning forecast hours],tblWorkPackages[Request week (Monday)],A20) -> 399.2
A21: 2024-03-11 | B21: =COUNTIFS(tblWorkPackages[Request week (Monday)],A21) -> 21 | C21: =SUMIFS(tblWorkPackages[Estimated labor hours],tblWorkPackages[Request week (Monday)],A21) -> 275.1 | D21: =SUMIFS(tblWorkPackages[Actual labor hours],tblWorkPackages[Request week (Monday)],A21) -> 302.2 | E21: =SUMIFS(tblLaborEntries[Hours booked],tblLaborEntries[Work week (Monday)],A21) -> 362.2 | F21: =COUNTIFS(tblWorkPackages[Request week (Monday)],A21,tblWorkPackages[Priority],"Urgent") -> 1 | G21: =SUMIFS(tblWorkPackages[Planning forecast hours],tblWorkPackages[Request week (Monday)],A21) -> 275.1
A22: 2024-03-18 | B22: =COUNTIFS(tblWorkPackages[Request week (Monday)],A22) -> 20 | C22: =SUMIFS(tblWorkPackages[Estimated labor hours],tblWorkPackages[Request week (Monday)],A22) -> 200.3 | D22: =SUMIFS(tblWorkPackages[Actual labor hours],tblWorkPackages[Request week (Monday)],A22) -> 197.1 | E22: =SUMIFS(tblLaborEntries[Hours booked],tblLaborEntries[Work week (Monday)],A22) -> 185.4 | F22: =COUNTIFS(tblWorkPackages[Request week (Monday)],A22,tblWorkPackages[Priority],"Urgent") -> 2 | G22: =SUMIFS(tblWorkPackages[Planning forecast hours],tblWorkPackages[Request week (Monday)],A22) -> 200.3
... A115: 2025-12-29 | B115: =COUNTIFS(tblWorkPackages[Request week (Monday)],A115) -> 11 | C115: =SUMIFS(tblWorkPackages[Estimated labor hours],tblWorkPackages[Request week (Monday)],A115) -> 174 | D115: =SUMIFS(tblWorkPackages[Actual labor hours],tblWorkPackages[Request week (Monday)],A115) -> 185.7 | E115: =SUMIFS(tblLaborEntries[Hours booked],tblLaborEntries[Work week (Monday)],A115) -> 317 | F115: =COUNTIFS(tblWorkPackages[Request week (Monday)],A115,tblWorkPackages[Priority],"Urgent") -> 1 | G115: =SUMIFS(tblWorkPackages[Planning forecast hours],tblWorkPackages[Request week (Monday)],A115) -> 184.35533
A117: Actual hours for requests group the eventual outcome by request week. Hours booked group technician time by work week.

Sheet Estimate review
A2: Estimated vs. actual labor hours
A4: Work packages | B4: =COUNTA(tblWorkPackages[Work package ID]) -> 2400
A5: Estimated hours | B5: =SUM(tblWorkPackages[Estimated labor hours]) -> 27448.8
A6: Actual hours | B6: =SUM(tblWorkPackages[Actual labor hours]) -> 29351.1
A7: Total gap (actual less estimate) | B7: =B6-B5 -> 1902.3
A8: Average absolute error per job | B8: =AVERAGE(tblWorkPackages[Absolute estimate error]) -> 1.836875
A11: Task type | B11: Jobs | C11: Estimated hours | D11: Actual hours | E11: Gap (actual - estimate) | F11: Avg absolute error / job | G11: Jobs above estimate
A12: Structural repair | B12: =COUNTIFS(tblWorkPackages[Task type],$A12) -> 169 | C12: =SUMIFS(tblWorkPackages[Estimated labor hours],tblWorkPackages[Task type],$A12) -> 4254.9 | D12: =SUMIFS(tblWorkPackages[Actual labor hours],tblWorkPackages[Task type],$A12) -> 4557.1 | E12: =D12-C12 -> 302.2 | F12: =IF(B12=0,"",SUMIFS(tblWorkPackages[Absolute estimate error],tblWorkPackages[Task type],$A12)/B12) -> 3.9136095 | G12: =SUMIFS(tblWorkPackages[Above estimate (0/1)],tblWorkPackages[Task type],$A12) -> 101
A13: Hydraulic leak diagnosis | B13: =COUNTIFS(tblWorkPackages[Task type],$A13) -> 205 | C13: =SUMIFS(tblWorkPackages[Estimated labor hours],tblWorkPackages[Task type],$A13) -> 2568.2 | D13: =SUMIFS(tblWorkPackages[Actual labor hours],tblWorkPackages[Task type],$A13) -> 2832 | E13: =D13-C13 -> 263.8 | F13: =IF(B13=0,"",SUMIFS(tblWorkPackages[Absolute estimate error],tblWorkPackages[Task type],$A13)/B13) -> 2.2614634 | G13: =SUMIFS(tblWorkPackages[Above estimate (0/1)],tblWorkPackages[Task type],$A13) -> 135
A14: Engine run support | B14: =COUNTIFS(tblWorkPackages[Task type],$A14) -> 203 | C14: =SUMIFS(tblWorkPackages[Estimated labor hours],tblWorkPackages[Task type],$A14) -> 3038.6 | D14: =SUMIFS(tblWorkPackages[Actual labor hours],tblWorkPackages[Task type],$A14) -> 3237 | E14: =D14-C14 -> 198.4 | F14: =IF(B14=0,"",SUMIFS(tblWorkPackages[Absolute estimate error],tblWorkPackages[Task type],$A14)/B14) -> 2.235468 | G14: =SUMIFS(tblWorkPackages[Above estimate (0/1)],tblWorkPackages[Task type],$A14) -> 124
A15: Instrumentation installation | B15: =COUNTIFS(tblWorkPackages[Task type],$A15) -> 220 | C15: =SUMIFS(tblWorkPackages[Estimated labor hours],tblWorkPackages[Task type],$A15) -> 3840.6 | D15: =SUMIFS(tblWorkPackages[Actual labor hours],tblWorkPackages[Task type],$A15) -> 4037.8 | E15: =D15-C15 -> 197.2 | F15: =IF(B15=0,"",SUMIFS(tblWorkPackages[Absolute estimate error],tblWorkPackages[Task type],$A15)/B15) -> 2.7818182 | G15: =SUMIFS(tblWorkPackages[Above estimate (0/1)],tblWorkPackages[Task type],$A15) -> 126
A16: Electrical fault isolation | B16: =COUNTIFS(tblWorkPackages[Task type],$A16) -> 179 | C16: =SUMIFS(tblWorkPackages[Estimated labor hours],tblWorkPackages[Task type],$A16) -> 2375.4 | D16: =SUMIFS(tblWorkPackages[Actual labor hours],tblWorkPackages[Task type],$A16) -> 2555.1 | E16: =D16-C16 -> 179.7 | F16: =IF(B16=0,"",SUMIFS(tblWorkPackages[Absolute estimate error],tblWorkPackages[Task type],$A16)/B16) -> 2.1312849 | G16: =SUMIFS(tblWorkPackages[Above estimate (0/1)],tblWorkPackages[Task type],$A16) -> 109
A17: Scheduled system service | B17: =COUNTIFS(tblWorkPackages[Task type],$A17) -> 216 | C17: =SUMIFS(tblWorkPackages[Estimated labor hours],tblWorkPackages[Task type],$A17) -> 2290.9 | D17: =SUMIFS(tblWorkPackages[Actual labor hours],tblWorkPackages[Task type],$A17) -> 2456.4 | E17: =D17-C17 -> 165.5 | F17: =IF(B17=0,"",SUMIFS(tblWorkPackages[Absolute estimate error],tblWorkPackages[Task type],$A17)/B17) -> 1.7125 | G17: =SUMIFS(tblWorkPackages[Above estimate (0/1)],tblWorkPackages[Task type],$A17) -> 130
A18: Fuel system inspection | B18: =COUNTIFS(tblWorkPackages[Task type],$A18) -> 196 | C18: =SUMIFS(tblWorkPackages[Estimated labor hours],tblWorkPackages[Task type],$A18) -> 2290.7 | D18: =SUMIFS(tblWorkPackages[Actual labor hours],tblWorkPackages[Task type],$A18) -> 2421.7 | E18: =D18-C18 -> 131 | F18: =IF(B18=0,"",SUMIFS(tblWorkPackages[Absolute estimate error],tblWorkPackages[Task type],$A18)/B18) -> 1.8693878 | G18: =SUMIFS(tblWorkPackages[Above estimate (0/1)],tblWorkPackages[Task type],$A18) -> 114
A19: Sensor calibration | B19: =COUNTIFS(tblWorkPackages[Task type],$A19) -> 201 | C19: =SUMIFS(tblWorkPackages[Estimated labor hours],tblWorkPackages[Task type],$A19) -> 1871.3 | D19: =SUMIFS(tblWorkPackages[Actual labor hours],tblWorkPackages[Task type],$A19) -> 1998.8 | E19: =D19-C19 -> 127.5 | F19: =IF(B19=0,"",SUMIFS(tblWorkPackages[Absolute estimate error],tblWorkPackages[Task type],$A19)/B19) -> 1.541791 | G19: =SUMIFS(tblWorkPackages[Above estimate (0/1)],tblWorkPackages[Task type],$A19) -> 107
A20: Flight control inspection | B20: =COUNTIFS(tblWorkPackages[Task type],$A20) -> 196 | C20: =SUMIFS(tblWorkPackages[Estimated labor hours],tblWorkPackages[Task type],$A20) -> 1677 | D20: =SUMIFS(tblWorkPackages[Actual labor hours],tblWorkPackages[Task type],$A20) -> 1783.7 | E20: =D20-C20 -> 106.7 | F20: =IF(B20=0,"",SUMIFS(tblWorkPackages[Absolute estimate error],tblWorkPackages[Task type],$A20)/B20) -> 1.3545918 | G20: =SUMIFS(tblWorkPackages[Above estimate (0/1)],tblWorkPackages[Task type],$A20) -> 116
A21: Software/configuration check | B21: =COUNTIFS(tblWorkPackages[Task type],$A21) -> 214 | C21: =SUMIFS(tblWorkPackages[Estimated labor hours],tblWorkPackages[Task type],$A21) -> 1383.9 | D21: =SUMIFS(tblWorkPackages[Actual labor hours],tblWorkPackages[Task type],$A21) -> 1470.8 | E21: =D21-C21 -> 86.9 | F21: =IF(B21=0,"",SUMIFS(tblWorkPackages[Absolute estimate error],tblWorkPackages[Task type],$A21)/B21) -> 1.0462617 | G21: =SUMIFS(tblWorkPackages[Above estimate (0/1)],tblWorkPackages[Task type],$A21) -> 121
A22: Postflight discrepancy review | B22: =COUNTIFS(tblWorkPackages[Task type],$A22) -> 187 | C22: =SUMIFS(tblWorkPackages[Estimated labor hours],tblWorkPackages[Task type],$A22) -> 1060.2 | D22: =SUMIFS(tblWorkPackages[Actual labor hours],tblWorkPackages[Task type],$A22) -> 1134.8 | E22: =D22-C22 -> 74.6 | F22: =IF(B22=0,"",SUMIFS(tblWorkPackages[Absolute estimate error],tblWorkPackages[Task type],$A22)/B22) -> 0.87486631 | G22: =SUMIFS(tblWorkPackages[Above estimate (0/1)],tblWorkPackages[Task type],$A22) -> 112
A23: Preflight inspection | B23: =COUNTIFS(tblWorkPackages[Task type],$A23) -> 214 | C23: =SUMIFS(tblWorkPackages[Estimated labor hours],tblWorkPackages[Task type],$A23) -> 797.1 | D23: =SUMIFS(tblWorkPackages[Actual labor hours],tblWorkPackages[Task type],$A23) -> 865.9 | E23: =D23-C23 -> 68.8 | F23: =IF(B23=0,"",SUMIFS(tblWorkPackages[Absolute estimate error],tblWorkPackages[Task type],$A23)/B23) -> 0.64018692 | G23: =SUMIFS(tblWorkPackages[Above estimate (0/1)],tblWorkPackages[Task type],$A23) -> 134
A24: Positive gap means the initial estimate was too low. Average absolute error measures typical miss regardless of direction.
A26: Week of (Monday) | B26: Jobs | C26: Estimated hours | D26: Actual hours | E26: Gap (actual - estimate) | F26: Avg absolute error / job | G26: Jobs above estimate
A27: 2024-01-01 | B27: =COUNTIFS(tblWorkPackages[Request week (Monday)],$A27) -> 16 | C27: =SUMIFS(tblWorkPackages[Estimated labor hours],tblWorkPackages[Request week (Monday)],$A27) -> 167.5 | D27: =SUMIFS(tblWorkPackages[Actual labor hours],tblWorkPackages[Request week (Monday)],$A27) -> 179.7 | E27: =D27-C27 -> 12.2 | F27: =IF(B27=0,"",SUMIFS(tblWorkPackages[Absolute estimate error],tblWorkPackages[Request week (Monday)],$A27)/B27) -> 1.2375 | G27: =SUMIFS(tblWorkPackages[Above estimate (0/1)],tblWorkPackages[Request week (Monday)],$A27) -> 10
A28: 2024-01-08 | B28: =COUNTIFS(tblWorkPackages[Request week (Monday)],$A28) -> 21 | C28: =SUMIFS(tblWorkPackages[Estimated labor hours],tblWorkPackages[Request week (Monday)],$A28) -> 249.9 | D28: =SUMIFS(tblWorkPackages[Actual labor hours],tblWorkPackages[Request week (Monday)],$A28) -> 260 | E28: =D28-C28 -> 10.1 | F28: =IF(B28=0,"",SUMIFS(tblWorkPackages[Absolute estimate error],tblWorkPackages[Request week (Monday)],$A28)/B28) -> 1.7 | G28: =SUMIFS(tblWorkPackages[Above estimate (0/1)],tblWorkPackages[Request week (Monday)],$A28) -> 11
A29: 2024-01-15 | B29: =COUNTIFS(tblWorkPackages[Request week (Monday)],$A29) -> 20 | C29: =SUMIFS(tblWorkPackages[Estimated labor hours],tblWorkPackages[Request week (Monday)],$A29) -> 222.7 | D29: =SUMIFS(tblWorkPackages[Actual labor hours],tblWorkPackages[Request week (Monday)],$A29) -> 224.7 | E29: =D29-C29 -> 2 | F29: =IF(B29=0,"",SUMIFS(tblWorkPackages[Absolute estimate error],tblWorkPackages[Request week (Monday)],$A29)/B29) -> 1.41 | G29: =SUMIFS(tblWorkPackages[Above estimate (0/1)],tblWorkPackages[Request week (Monday)],$A29) -> 10
A30: 2024-01-22 | B30: =COUNTIFS(tblWorkPackages[Request week (Monday)],$A30) -> 21 | C30: =SUMIFS(tblWorkPackages[Estimated labor hours],tblWorkPackages[Request week (Monday)],$A30) -> 227.3 | D30: =SUMIFS(tblWorkPackages[Actual labor hours],tblWorkPackages[Request week (Monday)],$A30) -> 245.1 | E30: =D30-C30 -> 17.8 | F30: =IF(B30=0,"",SUMIFS(tblWorkPackages[Absolute estimate error],tblWorkPackages[Request week (Monday)],$A30)/B30) -> 2.0285714 | G30: =SUMIFS(tblWorkPackages[Above estimate (0/1)],tblWorkPackages[Request week (Monday)],$A30) -> 13
A31: 2024-01-29 | B31: =COUNTIFS(tblWorkPackages[Request week (Monday)],$A31) -> 22 | C31: =SUMIFS(tblWorkPackages[Estimated labor hours],tblWorkPackages[Request week (Monday)],$A31) -> 233.8 | D31: =SUMIFS(tblWorkPackages[Actual labor hours],tblWorkPackages[Request week (Monday)],$A31) -> 234.2 | E31: =D31-C31 -> 0.4 | F31: =IF(B31=0,"",SUMIFS(tblWorkPackages[Absolute estimate error],tblWorkPackages[Request week (Monday)],$A31)/B31) -> 1.6727273 | G31: =SUMIFS(tblWorkPackages[Above estimate (0/1)],tblWorkPackages[Request week (Monday)],$A31) -> 10
A32: 2024-02-05 | B32: =COUNTIFS(tblWorkPackages[Request week (Monday)],$A32) -> 21 | C32: =SUMIFS(tblWorkPackages[Estimated labor hours],tblWorkPackages[Request week (Monday)],$A32) -> 237.4 | D32: =SUMIFS(tblWorkPackages[Actual labor hours],tblWorkPackages[Request week (Monday)],$A32) -> 256.6 | E32: =D32-C32 -> 19.2 | F32: =IF(B32=0,"",SUMIFS(tblWorkPackages[Absolute estimate error],tblWorkPackages[Request week (Monday)],$A32)/B32) -> 1.647619 | G32: =SUMIFS(tblWorkPackages[Above estimate (0/1)],tblWorkPackages[Request week (Monday)],$A32) -> 13
A33: 2024-02-12 | B33: =COUNTIFS(tblWorkPackages[Request week (Monday)],$A33) -> 26 | C33: =SUMIFS(tblWorkPackages[Estimated labor hours],tblWorkPackages[Request week (Monday)],$A33) -> 342.8 | D33: =SUMIFS(tblWorkPackages[Actual labor hours],tblWorkPackages[Request week (Monday)],$A33) -> 349.7 | E33: =D33-C33 -> 6.9 | F33: =IF(B33=0,"",SUMIFS(tblWorkPackages[Absolute estimate error],tblWorkPackages[Request week (Monday)],$A33)/B33) -> 1.6576923 | G33: =SUMIFS(tblWorkPackages[Above estimate (0/1)],tblWorkPackages[Request week (Monday)],$A33) -> 17
A34: 2024-02-19 | B34: =COUNTIFS(tblWorkPackages[Request week (Monday)],$A34) -> 13 | C34: =SUMIFS(tblWorkPackages[Estimated labor hours],tblWorkPackages[Request week (Monday)],$A34) -> 135.4 | D34: =SUMIFS(tblWorkPackages[Actual labor hours],tblWorkPackages[Request week (Monday)],$A34) -> 152.3 | E34: =D34-C34 -> 16.9 | F34: =IF(B34=0,"",SUMIFS(tblWorkPackages[Absolute estimate error],tblWorkPackages[Request week (Monday)],$A34)/B34) -> 1.7153846 | G34: =SUMIFS(tblWorkPackages[Above estimate (0/1)],tblWorkPackages[Request week (Monday)],$A34) -> 10
A35: 2024-02-26 | B35: =COUNTIFS(tblWorkPackages[Request week (Monday)],$A35) -> 26 | C35: =SUMIFS(tblWorkPackages[Estimated labor hours],tblWorkPackages[Request week (Monday)],$A35) -> 410.7 | D35: =SUMIFS(tblWorkPackages[Actual labor hours],tblWorkPackages[Request week (Monday)],$A35) -> 433.1 | E35: =D35-C35 -> 22.4 | F35: =IF(B35=0,"",SUMIFS(tblWorkPackages[Absolute estimate error],tblWorkPackages[Request week (Monday)],$A35)/B35) -> 2.3538462 | G35: =SUMIFS(tblWorkPackages[Above estimate (0/1)],tblWorkPackages[Request week (Monday)],$A35) -> 16
A36: 2024-03-04 | B36: =COUNTIFS(tblWorkPackages[Request week (Monday)],$A36) -> 30 | C36: =SUMIFS(tblWorkPackages[Estimated labor hours],tblWorkPackages[Request week (Monday)],$A36) -> 399.2 | D36: =SUMIFS(tblWorkPackages[Actual labor hours],tblWorkPackages[Request week (Monday)],$A36) -> 411.4 | E36: =D36-C36 -> 12.2 | F36: =IF(B36=0,"",SUMIFS(tblWorkPackages[Absolute estimate error],tblWorkPackages[Request week (Monday)],$A36)/B36) -> 1.54 | G36: =SUMIFS(tblWorkPackages[Above estimate (0/1)],tblWorkPackages[Request week (Monday)],$A36) -> 17
A37: 2024-03-11 | B37: =COUNTIFS(tblWorkPackages[Request week (Monday)],$A37) -> 21 | C37: =SUMIFS(tblWorkPackages[Estimated labor hours],tblWorkPackages[Request week (Monday)],$A37) -> 275.1 | D37: =SUMIFS(tblWorkPackages[Actual labor hours],tblWorkPackages[Request week (Monday)],$A37) -> 302.2 | E37: =D37-C37 -> 27.1 | F37: =IF(B37=0,"",SUMIFS(tblWorkPackages[Absolute estimate error],tblWorkPackages[Request week (Monday)],$A37)/B37) -> 2.2904762 | G37: =SUMIFS(tblWorkPackages[Above estimate (0/1)],tblWorkPackages[Request week (Monday)],$A37) -> 14
A38: 2024-03-18 | B38: =COUNTIFS(tblWorkPackages[Request week (Monday)],$A38) -> 20 | C38: =SUMIFS(tblWorkPackages[Estimated labor hours],tblWorkPackages[Request week (Monday)],$A38) -> 200.3 | D38: =SUMIFS(tblWorkPackages[Actual labor hours],tblWorkPackages[Request week (Monday)],$A38) -> 197.1 | E38: =D38-C38 -> -3.2 | F38: =IF(B38=0,"",SUMIFS(tblWorkPackages[Absolute estimate error],tblWorkPackages[Request week (Monday)],$A38)/B38) -> 1.12 | G38: =SUMIFS(tblWorkPackages[Above estimate (0/1)],tblWorkPackages[Request week (Monday)],$A38) -> 10
... A131: 2025-12-29 | B131: =COUNTIFS(tblWorkPackages[Request week (Monday)],$A131) -> 11 | C131: =SUMIFS(tblWorkPackages[Estimated labor hours],tblWorkPackages[Request week (Monday)],$A131) -> 174 | D131: =SUMIFS(tblWorkPackages[Actual labor hours],tblWorkPackages[Request week (Monday)],$A131) -> 185.7 | E131: =D131-C131 -> 11.7 | F131: =IF(B131=0,"",SUMIFS(tblWorkPackages[Absolute estimate error],tblWorkPackages[Request week (Monday)],$A131)/B131) -> 2.5909091 | G131: =SUMIFS(tblWorkPackages[Above estimate (0/1)],tblWorkPackages[Request week (Monday)],$A131) -> 6

Sheet Capacity and backlog
A2: Weekly capacity and planned backlog
A4: Planning input | B4: Value
A5: Assigned technicians (FTE) | B5: =SUM(B122:B127) -> 11
A6: Hours per technician per week | B6: 40
A7: Allocated weekly capacity (hours) | B7: =SUM(C122:C127) -> 358.61172
A9: Assign technician FTE by skill in the yellow cells below. Capacity applies each skill group’s average availability factor to assigned FTE and hours per week.
A12: Week of (Monday) | B12: Incoming forecast hours | C12: Hours booked | D12: Opening planned backlog | E12: Closing planned backlog | F12: Allocated capacity | G12: Booked / capacity | H12: Booked less capacity | I12: Hours beyond forecast + backlog
A13: ='Weekly history'!A11 -> 2024-01-01 | B13: ='Weekly history'!G11 -> 167.5 | C13: ='Weekly history'!E11 -> 99.2 | D13: =0 -> 0 | E13: =MAX(0,D13+B13-C13) -> 68.3 | F13: =$B$7 -> 358.61172 | G13: =IF(F13=0,"",C13/F13) -> 0.2766223 | H13: =C13-F13 -> -259.41172 | I13: =MAX(0,C13-D13-B13) -> 0
A14: ='Weekly history'!A12 -> 2024-01-08 | B14: ='Weekly history'!G12 -> 249.9 | C14: ='Weekly history'!E12 -> 120.5 | D14: =E13 -> 68.3 | E14: =MAX(0,D14+B14-C14) -> 197.7 | F14: =$B$7 -> 358.61172 | G14: =IF(F14=0,"",C14/F14) -> 0.33601802 | H14: =C14-F14 -> -238.11172 | I14: =MAX(0,C14-D14-B14) -> 0
A15: ='Weekly history'!A13 -> 2024-01-15 | B15: ='Weekly history'!G13 -> 222.7 | C15: ='Weekly history'!E13 -> 121.4 | D15: =E14 -> 197.7 | E15: =MAX(0,D15+B15-C15) -> 299 | F15: =$B$7 -> 358.61172 | G15: =IF(F15=0,"",C15/F15) -> 0.3385277 | H15: =C15-F15 -> -237.21172 | I15: =MAX(0,C15-D15-B15) -> 0
A16: ='Weekly history'!A14 -> 2024-01-22 | B16: ='Weekly history'!G14 -> 227.3 | C16: ='Weekly history'!E14 -> 257.3 | D16: =E15 -> 299 | E16: =MAX(0,D16+B16-C16) -> 269 | F16: =$B$7 -> 358.61172 | G16: =IF(F16=0,"",C16/F16) -> 0.7174891 | H16: =C16-F16 -> -101.31172 | I16: =MAX(0,C16-D16-B16) -> 0
A17: ='Weekly history'!A15 -> 2024-01-29 | B17: ='Weekly history'!G15 -> 233.8 | C17: ='Weekly history'!E15 -> 86.7 | D17: =E16 -> 269 | E17: =MAX(0,D17+B17-C17) -> 416.1 | F17: =$B$7 -> 358.61172 | G17: =IF(F17=0,"",C17/F17) -> 0.24176566 | H17: =C17-F17 -> -271.91172 | I17: =MAX(0,C17-D17-B17) -> 0
A18: ='Weekly history'!A16 -> 2024-02-05 | B18: ='Weekly history'!G16 -> 237.4 | C18: ='Weekly history'!E16 -> 322.4 | D18: =E17 -> 416.1 | E18: =MAX(0,D18+B18-C18) -> 331.1 | F18: =$B$7 -> 358.61172 | G18: =IF(F18=0,"",C18/F18) -> 0.89902249 | H18: =C18-F18 -> -36.211719 | I18: =MAX(0,C18-D18-B18) -> 0
A19: ='Weekly history'!A17 -> 2024-02-12 | B19: ='Weekly history'!G17 -> 342.8 | C19: ='Weekly history'!E17 -> 228 | D19: =E18 -> 331.1 | E19: =MAX(0,D19+B19-C19) -> 445.9 | F19: =$B$7 -> 358.61172 | G19: =IF(F19=0,"",C19/F19) -> 0.63578514 | H19: =C19-F19 -> -130.61172 | I19: =MAX(0,C19-D19-B19) -> 0
A20: ='Weekly history'!A18 -> 2024-02-19 | B20: ='Weekly history'!G18 -> 135.4 | C20: ='Weekly history'!E18 -> 183.6 | D20: =E19 -> 445.9 | E20: =MAX(0,D20+B20-C20) -> 397.7 | F20: =$B$7 -> 358.61172 | G20: =IF(F20=0,"",C20/F20) -> 0.51197435 | H20: =C20-F20 -> -175.01172 | I20: =MAX(0,C20-D20-B20) -> 0
A21: ='Weekly history'!A19 -> 2024-02-26 | B21: ='Weekly history'!G19 -> 410.7 | C21: ='Weekly history'!E19 -> 398.9 | D21: =E20 -> 397.7 | E21: =MAX(0,D21+B21-C21) -> 409.5 | F21: =$B$7 -> 358.61172 | G21: =IF(F21=0,"",C21/F21) -> 1.1123451 | H21: =C21-F21 -> 40.288281 | I21: =MAX(0,C21-D21-B21) -> 0
A22: ='Weekly history'!A20 -> 2024-03-04 | B22: ='Weekly history'!G20 -> 399.2 | C22: ='Weekly history'!E20 -> 348.9 | D22: =E21 -> 409.5 | E22: =MAX(0,D22+B22-C22) -> 459.8 | F22: =$B$7 -> 358.61172 | G22: =IF(F22=0,"",C22/F22) -> 0.97291857 | H22: =C22-F22 -> -9.7117186 | I22: =MAX(0,C22-D22-B22) -> 0
A23: ='Weekly history'!A21 -> 2024-03-11 | B23: ='Weekly history'!G21 -> 275.1 | C23: ='Weekly history'!E21 -> 362.2 | D23: =E22 -> 459.8 | E23: =MAX(0,D23+B23-C23) -> 372.7 | F23: =$B$7 -> 358.61172 | G23: =IF(F23=0,"",C23/F23) -> 1.010006 | H23: =C23-F23 -> 3.5882814 | I23: =MAX(0,C23-D23-B23) -> 0
A24: ='Weekly history'!A22 -> 2024-03-18 | B24: ='Weekly history'!G22 -> 200.3 | C24: ='Weekly history'!E22 -> 185.4 | D24: =E23 -> 372.7 | E24: =MAX(0,D24+B24-C24) -> 387.6 | F24: =$B$7 -> 358.61172 | G24: =IF(F24=0,"",C24/F24) -> 0.5169937 | H24: =C24-F24 -> -173.21172 | I24: =MAX(0,C24-D24-B24) -> 0
A25: ='Weekly history'!A23 -> 2024-03-25 | B25: ='Weekly history'!G23 -> 375.2 | C25: ='Weekly history'!E23 -> 433.6 | D25: =E24 -> 387.6 | E25: =MAX(0,D25+B25-C25) -> 329.2 | F25: =$B$7 -> 358.61172 | G25: =IF(F25=0,"",C25/F25) -> 1.2091072 | H25: =C25-F25 -> 74.988281 | I25: =MAX(0,C25-D25-B25) -> 0
... A117: ='Weekly history'!A115 -> 2025-12-29 | B117: ='Weekly history'!G115 -> 184.35533 | C117: ='Weekly history'!E115 -> 317 | D117: =E116 -> 180.09386 | E117: =MAX(0,D117+B117-C117) -> 47.449197 | F117: =$B$7 -> 358.61172 | G117: =IF(F117=0,"",C117/F117) -> 0.88396442 | H117: =C117-F117 -> -41.611719 | I117: =MAX(0,C117-D117-B117) -> 0
A119: Closing planned backlog carries unworked forecast hours forward. The 2024 training weeks retain the original estimate; 2025 weeks use the tested task adjustment.
A121: Skill | B121: Assigned FTE | C121: Allocated weekly hours | D121: Average weekly hours booked | E121: Booked / allocated
A122: Airframe | B122: 2 | C122: =B122*$B$6*SUMIFS(tblTechnicians[Availability factor],tblTechnicians[Primary skill],A122)/COUNTIFS(tblTechnicians[Primary skill],A122) -> 65.20079 | D122: =SUMIFS(tblLaborEntries[Hours booked],tblLaborEntries[Skill booked],A122)/COUNTA('Weekly history'!$A$11:$A$115) -> 48.628571 | E122: =IF(C122=0,"",D122/C122) -> 0.74582795
A123: Avionics | B123: 3 | C123: =B123*$B$6*SUMIFS(tblTechnicians[Availability factor],tblTechnicians[Primary skill],A123)/COUNTIFS(tblTechnicians[Primary skill],A123) -> 96.752919 | D123: =SUMIFS(tblLaborEntries[Hours booked],tblLaborEntries[Skill booked],A123)/COUNTA('Weekly history'!$A$11:$A$115) -> 82.306667 | E123: =IF(C123=0,"",D123/C123) -> 0.85068923
A124: Electrical | B124: 1 | C124: =B124*$B$6*SUMIFS(tblTechnicians[Availability factor],tblTechnicians[Primary skill],A124)/COUNTIFS(tblTechnicians[Primary skill],A124) -> 32.663512 | D124: =SUMIFS(tblLaborEntries[Hours booked],tblLaborEntries[Skill booked],A124)/COUNTA('Weekly history'!$A$11:$A$115) -> 24.334286 | E124: =IF(C124=0,"",D124/C124) -> 0.74499907
A125: Hydraulics | B125: 1 | C125: =B125*$B$6*SUMIFS(tblTechnicians[Availability factor],tblTechnicians[Primary skill],A125)/COUNTIFS(tblTechnicians[Primary skill],A125) -> 32.349105 | D125: =SUMIFS(tblLaborEntries[Hours booked],tblLaborEntries[Skill booked],A125)/COUNTA('Weekly history'!$A$11:$A$115) -> 26.971429 | E125: =IF(C125=0,"",D125/C125) -> 0.8337612
A126: Powerplant | B126: 2 | C126: =B126*$B$6*SUMIFS(tblTechnicians[Availability factor],tblTechnicians[Primary skill],A126)/COUNTIFS(tblTechnicians[Primary skill],A126) -> 67.403048 | D126: =SUMIFS(tblLaborEntries[Hours booked],tblLaborEntries[Skill booked],A126)/COUNTA('Weekly history'!$A$11:$A$115) -> 53.892381 | E126: =IF(C126=0,"",D126/C126) -> 0.79955406
A127: Structures | B127: 2 | C127: =B127*$B$6*SUMIFS(tblTechnicians[Availability factor],tblTechnicians[Primary skill],A127)/COUNTIFS(tblTechnicians[Primary skill],A127) -> 64.242345 | D127: =SUMIFS(tblLaborEntries[Hours booked],tblLaborEntries[Skill booked],A127)/COUNTA('Weekly history'!$A$11:$A$115) -> 43.400952 | E127: =IF(C127=0,"",D127/C127) -> 0.6755817

Sheet Forecast validation
A2: Labor hour forecast validation
A4: New work package example | B4: Value | D4: Period | E4: Jobs | F4: Initial estimate MAE | G4: Calibrated MAE
A5: Task type | B5: Structural repair | D5: Validation H1 2025 | E5: =COUNTIFS(tblWorkPackages[Time split],"Validation H1") -> 648 | F5: =AVERAGEIFS(tblWorkPackages[Absolute estimate error],tblWorkPackages[Time split],"Validation H1") -> 2.1304012 | G5: =SUMIFS(tblWorkPackages[Calibrated absolute error],tblWorkPackages[Time split],"Validation H1")/E5 -> 2.0509403
A6: Initial estimated hours | B6: 20 | D6: Holdout H2 2025 | E6: =COUNTIFS(tblWorkPackages[Time split],"Holdout H2") -> 613 | F6: =AVERAGEIFS(tblWorkPackages[Absolute estimate error],tblWorkPackages[Time split],"Holdout H2") -> 1.754323 | G6: =SUMIFS(tblWorkPackages[Calibrated absolute error],tblWorkPackages[Time split],"Holdout H2")/E6 -> 1.6824767
A7: Learned task adjustment (hours) | B7: =VLOOKUP(B5,$A$14:$E$25,5,FALSE()) -> 1.7956522
A8: Calibrated forecast hours | B8: =B6+B7 -> 21.795652 | D8: MAE is the mean absolute difference between estimated and actual hours per work package. Lower is better.
A11: Task adjustment learned from earlier work
A13: Task type | B13: Complete by Jan 1 | C13: Additional complete by Jul 1 | D13: Jan 1 task adjustment (hours) | E13: Jul 1 task adjustment (hours)
A14: ='Task rules'!A2 -> Preflight inspection | B14: =COUNTIFS(tblWorkPackages[Task type],A14,tblWorkPackages[Request date serial],"<"&ValidationStart,tblWorkPackages[Completion date serial],"<"&ValidationStart) -> 101 | C14: =COUNTIFS(tblWorkPackages[Task type],A14,tblWorkPackages[Request date serial],"<"&HoldoutStart,tblWorkPackages[Completion date serial],">="&ValidationStart,tblWorkPackages[Completion date serial],"<"&HoldoutStart) -> 58 | D14: =IF(B14=0,0,SUMIFS(tblWorkPackages[Actual less estimate],tblWorkPackages[Task type],A14,tblWorkPackages[Request date serial],"<"&ValidationStart,tblWorkPackages[Completion date serial],"<"&ValidationStart)/B14) -> 0.33069307 | E14: =IF(B14+C14=0,0,SUMIFS(tblWorkPackages[Actual less estimate],tblWorkPackages[Task type],A14,tblWorkPackages[Request date serial],"<"&HoldoutStart,tblWorkPackages[Completion date serial],"<"&HoldoutStart)/(B14+C14)) -> 0.32893082
A15: ='Task rules'!A3 -> Postflight discrepancy review | B15: =COUNTIFS(tblWorkPackages[Task type],A15,tblWorkPackages[Request date serial],"<"&ValidationStart,tblWorkPackages[Completion date serial],"<"&ValidationStart) -> 82 | C15: =COUNTIFS(tblWorkPackages[Task type],A15,tblWorkPackages[Request date serial],"<"&HoldoutStart,tblWorkPackages[Completion date serial],">="&ValidationStart,tblWorkPackages[Completion date serial],"<"&HoldoutStart) -> 41 | D15: =IF(B15=0,0,SUMIFS(tblWorkPackages[Actual less estimate],tblWorkPackages[Task type],A15,tblWorkPackages[Request date serial],"<"&ValidationStart,tblWorkPackages[Completion date serial],"<"&ValidationStart)/B15) -> 0.44146341 | E15: =IF(B15+C15=0,0,SUMIFS(tblWorkPackages[Actual less estimate],tblWorkPackages[Task type],A15,tblWorkPackages[Request date serial],"<"&HoldoutStart,tblWorkPackages[Completion date serial],"<"&HoldoutStart)/(B15+C15)) -> 0.43739837
A16: ='Task rules'!A4 -> Instrumentation installation | B16: =COUNTIFS(tblWorkPackages[Task type],A16,tblWorkPackages[Request date serial],"<"&ValidationStart,tblWorkPackages[Completion date serial],"<"&ValidationStart) -> 98 | C16: =COUNTIFS(tblWorkPackages[Task type],A16,tblWorkPackages[Request date serial],"<"&HoldoutStart,tblWorkPackages[Completion date serial],">="&ValidationStart,tblWorkPackages[Completion date serial],"<"&HoldoutStart) -> 61 | D16: =IF(B16=0,0,SUMIFS(tblWorkPackages[Actual less estimate],tblWorkPackages[Task type],A16,tblWorkPackages[Request date serial],"<"&ValidationStart,tblWorkPackages[Completion date serial],"<"&ValidationStart)/B16) -> 0.87653061 | E16: =IF(B16+C16=0,0,SUMIFS(tblWorkPackages[Actual less estimate],tblWorkPackages[Task type],A16,tblWorkPackages[Request date serial],"<"&HoldoutStart,tblWorkPackages[Completion date serial],"<"&HoldoutStart)/(B16+C16)) -> 0.92075472
A17: ='Task rules'!A5 -> Sensor calibration | B17: =COUNTIFS(tblWorkPackages[Task type],A17,tblWorkPackages[Request date serial],"<"&ValidationStart,tblWorkPackages[Completion date serial],"<"&ValidationStart) -> 88 | C17: =COUNTIFS(tblWorkPackages[Task type],A17,tblWorkPackages[Request date serial],"<"&HoldoutStart,tblWorkPackages[Completion date serial],">="&ValidationStart,tblWorkPackages[Completion date serial],"<"&HoldoutStart) -> 55 | D17: =IF(B17=0,0,SUMIFS(tblWorkPackages[Actual less estimate],tblWorkPackages[Task type],A17,tblWorkPackages[Request date serial],"<"&ValidationStart,tblWorkPackages[Completion date serial],"<"&ValidationStart)/B17) -> 0.58409091 | E17: =IF(B17+C17=0,0,SUMIFS(tblWorkPackages[Actual less estimate],tblWorkPackages[Task type],A17,tblWorkPackages[Request date serial],"<"&HoldoutStart,tblWorkPackages[Completion date serial],"<"&HoldoutStart)/(B17+C17)) -> 0.59160839
A18: ='Task rules'!A6 -> Hydraulic leak diagnosis | B18: =COUNTIFS(tblWorkPackages[Task type],A18,tblWorkPackages[Request date serial],"<"&ValidationStart,tblWorkPackages[Completion date serial],"<"&ValidationStart) -> 95 | C18: =COUNTIFS(tblWorkPackages[Task type],A18,tblWorkPackages[Request date serial],"<"&HoldoutStart,tblWorkPackages[Completion date serial],">="&ValidationStart,tblWorkPackages[Completion date serial],"<"&HoldoutStart) -> 60 | D18: =IF(B18=0,0,SUMIFS(tblWorkPackages[Actual less estimate],tblWorkPackages[Task type],A18,tblWorkPackages[Request date serial],"<"&ValidationStart,tblWorkPackages[Completion date serial],"<"&ValidationStart)/B18) -> 0.75473684 | E18: =IF(B18+C18=0,0,SUMIFS(tblWorkPackages[Actual less estimate],tblWorkPackages[Task type],A18,tblWorkPackages[Request date serial],"<"&HoldoutStart,tblWorkPackages[Completion date serial],"<"&HoldoutStart)/(B18+C18)) -> 0.97354839
A19: ='Task rules'!A7 -> Electrical fault isolation | B19: =COUNTIFS(tblWorkPackages[Task type],A19,tblWorkPackages[Request date serial],"<"&ValidationStart,tblWorkPackages[Completion date serial],"<"&ValidationStart) -> 78 | C19: =COUNTIFS(tblWorkPackages[Task type],A19,tblWorkPackages[Request date serial],"<"&HoldoutStart,tblWorkPackages[Completion date serial],">="&ValidationStart,tblWorkPackages[Completion date serial],"<"&HoldoutStart) -> 50 | D19: =IF(B19=0,0,SUMIFS(tblWorkPackages[Actual less estimate],tblWorkPackages[Task type],A19,tblWorkPackages[Request date serial],"<"&ValidationStart,tblWorkPackages[Completion date serial],"<"&ValidationStart)/B19) -> 1.0320513 | E19: =IF(B19+C19=0,0,SUMIFS(tblWorkPackages[Actual less estimate],tblWorkPackages[Task type],A19,tblWorkPackages[Request date serial],"<"&HoldoutStart,tblWorkPackages[Completion date serial],"<"&HoldoutStart)/(B19+C19)) -> 0.98515625
A20: ='Task rules'!A8 -> Flight control inspection | B20: =COUNTIFS(tblWorkPackages[Task type],A20,tblWorkPackages[Request date serial],"<"&ValidationStart,tblWorkPackages[Completion date serial],"<"&ValidationStart) -> 78 | C20: =COUNTIFS(tblWorkPackages[Task type],A20,tblWorkPackages[Request date serial],"<"&HoldoutStart,tblWorkPackages[Completion date serial],">="&ValidationStart,tblWorkPackages[Completion date serial],"<"&HoldoutStart) -> 51 | D20: =IF(B20=0,0,SUMIFS(tblWorkPackages[Actual less estimate],tblWorkPackages[Task type],A20,tblWorkPackages[Request date serial],"<"&ValidationStart,tblWorkPackages[Completion date serial],"<"&ValidationStart)/B20) -> 0.47564103 | E20: =IF(B20+C20=0,0,SUMIFS(tblWorkPackages[Actual less estimate],tblWorkPackages[Task type],A20,tblWorkPackages[Request date serial],"<"&HoldoutStart,tblWorkPackages[Completion date serial],"<"&HoldoutStart)/(B20+C20)) -> 0.54341085
A21: ='Task rules'!A9 -> Structural repair | B21: =COUNTIFS(tblWorkPackages[Task type],A21,tblWorkPackages[Request date serial],"<"&ValidationStart,tblWorkPackages[Completion date serial],"<"&ValidationStart) -> 67 | C21: =COUNTIFS(tblWorkPackages[Task type],A21,tblWorkPackages[Request date serial],"<"&HoldoutStart,tblWorkPackages[Completion date serial],">="&ValidationStart,tblWorkPackages[Completion date serial],"<"&HoldoutStart) -> 48 | D21: =IF(B21=0,0,SUMIFS(tblWorkPackages[Actual less estimate],tblWorkPackages[Task type],A21,tblWorkPackages[Request date serial],"<"&ValidationStart,tblWorkPackages[Completion date serial],"<"&ValidationStart)/B21) -> 1.1029851 | E21: =IF(B21+C21=0,0,SUMIFS(tblWorkPackages[Actual less estimate],tblWorkPackages[Task type],A21,tblWorkPackages[Request date serial],"<"&HoldoutStart,tblWorkPackages[Completion date serial],"<"&HoldoutStart)/(B21+C21)) -> 1.7956522
A22: ='Task rules'!A10 -> Software/configuration check | B22: =COUNTIFS(tblWorkPackages[Task type],A22,tblWorkPackages[Request date serial],"<"&ValidationStart,tblWorkPackages[Completion date serial],"<"&ValidationStart) -> 108 | C22: =COUNTIFS(tblWorkPackages[Task type],A22,tblWorkPackages[Request date serial],"<"&HoldoutStart,tblWorkPackages[Completion date serial],">="&ValidationStart,tblWorkPackages[Completion date serial],"<"&HoldoutStart) -> 52 | D22: =IF(B22=0,0,SUMIFS(tblWorkPackages[Actual less estimate],tblWorkPackages[Task type],A22,tblWorkPackages[Request date serial],"<"&ValidationStart,tblWorkPackages[Completion date serial],"<"&ValidationStart)/B22) -> 0.5037037 | E22: =IF(B22+C22=0,0,SUMIFS(tblWorkPackages[Actual less estimate],tblWorkPackages[Task type],A22,tblWorkPackages[Request date serial],"<"&HoldoutStart,tblWorkPackages[Completion date serial],"<"&HoldoutStart)/(B22+C22)) -> 0.453125
A23: ='Task rules'!A11 -> Scheduled system service | B23: =COUNTIFS(tblWorkPackages[Task type],A23,tblWorkPackages[Request date serial],"<"&ValidationStart,tblWorkPackages[Completion date serial],"<"&ValidationStart) -> 98 | C23: =COUNTIFS(tblWorkPackages[Task type],A23,tblWorkPackages[Request date serial],"<"&HoldoutStart,tblWorkPackages[Completion date serial],">="&ValidationStart,tblWorkPackages[Completion date serial],"<"&HoldoutStart) -> 67 | D23: =IF(B23=0,0,SUMIFS(tblWorkPackages[Actual less estimate],tblWorkPackages[Task type],A23,tblWorkPackages[Request date serial],"<"&ValidationStart,tblWorkPackages[Completion date serial],"<"&ValidationStart)/B23) -> 0.55612245 | E23: =IF(B23+C23=0,0,SUMIFS(tblWorkPackages[Actual less estimate],tblWorkPackages[Task type],A23,tblWorkPackages[Request date serial],"<"&HoldoutStart,tblWorkPackages[Completion date serial],"<"&HoldoutStart)/(B23+C23)) -> 0.82545455
A24: ='Task rules'!A12 -> Engine run support | B24: =COUNTIFS(tblWorkPackages[Task type],A24,tblWorkPackages[Request date serial],"<"&ValidationStart,tblWorkPackages[Completion date serial],"<"&ValidationStart) -> 91 | C24: =COUNTIFS(tblWorkPackages[Task type],A24,tblWorkPackages[Request date serial],"<"&HoldoutStart,tblWorkPackages[Completion date serial],">="&ValidationStart,tblWorkPackages[Completion date serial],"<"&HoldoutStart) -> 55 | D24: =IF(B24=0,0,SUMIFS(tblWorkPackages[Actual less estimate],tblWorkPackages[Task type],A24,tblWorkPackages[Request date serial],"<"&ValidationStart,tblWorkPackages[Completion date serial],"<"&ValidationStart)/B24) -> 0.88241758 | E24: =IF(B24+C24=0,0,SUMIFS(tblWorkPackages[Actual less estimate],tblWorkPackages[Task type],A24,tblWorkPackages[Request date serial],"<"&HoldoutStart,tblWorkPackages[Completion date serial],"<"&HoldoutStart)/(B24+C24)) -> 0.92465753
A25: ='Task rules'!A13 -> Fuel system inspection | B25: =COUNTIFS(tblWorkPackages[Task type],A25,tblWorkPackages[Request date serial],"<"&ValidationStart,tblWorkPackages[Completion date serial],"<"&ValidationStart) -> 106 | C25: =COUNTIFS(tblWorkPackages[Task type],A25,tblWorkPackages[Request date serial],"<"&HoldoutStart,tblWorkPackages[Completion date serial],">="&ValidationStart,tblWorkPackages[Completion date serial],"<"&HoldoutStart) -> 44 | D25: =IF(B25=0,0,SUMIFS(tblWorkPackages[Actual less estimate],tblWorkPackages[Task type],A25,tblWorkPackages[Request date serial],"<"&ValidationStart,tblWorkPackages[Completion date serial],"<"&ValidationStart)/B25) -> 0.54622642 | E25: =IF(B25+C25=0,0,SUMIFS(tblWorkPackages[Actual less estimate],tblWorkPackages[Task type],A25,tblWorkPackages[Request date serial],"<"&HoldoutStart,tblWorkPackages[Completion date serial],"<"&HoldoutStart)/(B25+C25)) -> 0.60266667
A27: Training includes only jobs completed before the forecast cutoff. Held-out outcomes do not train their predictions.
A29: Time split cutoffs
A30: Validation starts | B30: 45658
A31: Holdout starts | B31: 45839
A32: Work packages requested before Validation starts are training data; requests from Validation starts up to Holdout starts are validation; later requests are holdout. Labels in the Time split column update automatically.

Sheet Open work snapshot
A2: Open work packages
A4: Snapshot date | B4: 46021
A5: Open packages | B5: =COUNTA(A12:A64) -> 53
A6: Forecast hours remaining | B6: =SUM(I12:I64) -> 521.62978
A7: Overdue packages | B7: =COUNTIFS(J12:J64,"Overdue") -> 19
A8: Due in next 7 days | B8: =COUNTIFS(J12:J64,"Due within 7 days") -> 24
A10: Work package ID | B10: Request date | C10: Due date | D10: Task type | E10: Required skill | F10: Priority | G10: Forecast hours | H10: Booked by snapshot | I10: Hours remaining | J10: Due status | K10: Work status | M10: Skill | N10: Open hours remaining | O10: Due within 7 days or overdue | P10: Assigned weekly capacity
A12: ='Work packages'!A899 -> WP-00898 | B12: ='Work packages'!W899 -> 45960 | C12: ='Work packages'!X899 -> 45973 | D12: ='Work packages'!E899 -> Structural repair | E12: ='Work packages'!G899 -> Structures | F12: ='Work packages'!I899 -> Routine | G12: ='Work packages'!V899 -> 36.495652 | H12: =SUMIFS(tblLaborEntries[Hours booked],tblLaborEntries[Work package ID],A12,tblLaborEntries[Work date serial],"<="&$B$4) -> 28.8 | I12: =MAX(0,G12-H12) -> 7.6956522 | J12: =IF(C12<$B$4,"Overdue",IF(C12<=$B$4+7,"Due within 7 days","Later")) -> Overdue | K12: =IF(I12=0,"Awaiting closeout","Work remains") -> Work remains | M12: Airframe | N12: =SUMIFS($I$12:$I$64,$E$12:$E$64,M12) -> 81.014436 | O12: =SUMIFS($I$12:$I$64,$E$12:$E$64,M12,$J$12:$J$64,"Overdue")+SUMIFS($I$12:$I$64,$E$12:$E$64,M12,$J$12:$J$64,"Due within 7 days") -> 77.985505 | P12: ='Capacity and backlog'!C122 -> 65.20079
A13: ='Work packages'!A755 -> WP-00754 | B13: ='Work packages'!W755 -> 45963 | C13: ='Work packages'!X755 -> 45976 | D13: ='Work packages'!E755 -> Scheduled system service | E13: ='Work packages'!G755 -> Airframe | F13: ='Work packages'!I755 -> Routine | G13: ='Work packages'!V755 -> 8.1254545 | H13: =SUMIFS(tblLaborEntries[Hours booked],tblLaborEntries[Work package ID],A13,tblLaborEntries[Work date serial],"<="&$B$4) -> 0 | I13: =MAX(0,G13-H13) -> 8.1254545 | J13: =IF(C13<$B$4,"Overdue",IF(C13<=$B$4+7,"Due within 7 days","Later")) -> Overdue | K13: =IF(I13=0,"Awaiting closeout","Work remains") -> Work remains | M13: Avionics | N13: =SUMIFS($I$12:$I$64,$E$12:$E$64,M13) -> 160.3552 | O13: =SUMIFS($I$12:$I$64,$E$12:$E$64,M13,$J$12:$J$64,"Overdue")+SUMIFS($I$12:$I$64,$E$12:$E$64,M13,$J$12:$J$64,"Due within 7 days") -> 75.763926 | P13: ='Capacity and backlog'!C123 -> 96.752919
A14: ='Work packages'!A954 -> WP-00953 | B14: ='Work packages'!W954 -> 45965 | C14: ='Work packages'!X954 -> 45978 | D14: ='Work packages'!E954 -> Scheduled system service | E14: ='Work packages'!G954 -> Airframe | F14: ='Work packages'!I954 -> Routine | G14: ='Work packages'!V954 -> 5.5254545 | H14: =SUMIFS(tblLaborEntries[Hours booked],tblLaborEntries[Work package ID],A14,tblLaborEntries[Work date serial],"<="&$B$4) -> 3.4 | I14: =MAX(0,G14-H14) -> 2.1254545 | J14: =IF(C14<$B$4,"Overdue",IF(C14<=$B$4+7,"Due within 7 days","Later")) -> Overdue | K14: =IF(I14=0,"Awaiting closeout","Work remains") -> Work remains | M14: Electrical | N14: =SUMIFS($I$12:$I$64,$E$12:$E$64,M14) -> 62.410938 | O14: =SUMIFS($I$12:$I$64,$E$12:$E$64,M14,$J$12:$J$64,"Overdue")+SUMIFS($I$12:$I$64,$E$12:$E$64,M14,$J$12:$J$64,"Due within 7 days") -> 62.410938 | P14: ='Capacity and backlog'!C124 -> 32.663512
A15: ='Work packages'!A297 -> WP-00296 | B15: ='Work packages'!W297 -> 45984 | C15: ='Work packages'!X297 -> 45990 | D15: ='Work packages'!E297 -> Fuel system inspection | E15: ='Work packages'!G297 -> Powerplant | F15: ='Work packages'!I297 -> High | G15: ='Work packages'!V297 -> 6.3026667 | H15: =SUMIFS(tblLaborEntries[Hours booked],tblLaborEntries[Work package ID],A15,tblLaborEntries[Work date serial],"<="&$B$4) -> 5.8 | I15: =MAX(0,G15-H15) -> 0.50266667 | J15: =IF(C15<$B$4,"Overdue",IF(C15<=$B$4+7,"Due within 7 days","Later")) -> Overdue | K15: =IF(I15=0,"Awaiting closeout","Work remains") -> Work remains | M15: Hydraulics | N15: =SUMIFS($I$12:$I$64,$E$12:$E$64,M15) -> 39.620645 | O15: =SUMIFS($I$12:$I$64,$E$12:$E$64,M15,$J$12:$J$64,"Overdue")+SUMIFS($I$12:$I$64,$E$12:$E$64,M15,$J$12:$J$64,"Due within 7 days") -> 25.347097 | P15: ='Capacity and backlog'!C125 -> 32.349105
A16: ='Work packages'!A1886 -> WP-01885 | B16: ='Work packages'!W1886 -> 45980 | C16: ='Work packages'!X1886 -> 45993 | D16: ='Work packages'!E1886 -> Engine run support | E16: ='Work packages'!G1886 -> Powerplant | F16: ='Work packages'!I1886 -> Routine | G16: ='Work packages'!V1886 -> 21.824658 | H16: =SUMIFS(tblLaborEntries[Hours booked],tblLaborEntries[Work package ID],A16,tblLaborEntries[Work date serial],"<="&$B$4) -> 0 | I16: =MAX(0,G16-H16) -> 21.824658 | J16: =IF(C16<$B$4,"Overdue",IF(C16<=$B$4+7,"Due within 7 days","Later")) -> Overdue | K16: =IF(I16=0,"Awaiting closeout","Work remains") -> Work remains | M16: Powerplant | N16: =SUMIFS($I$12:$I$64,$E$12:$E$64,M16) -> 55.154648 | O16: =SUMIFS($I$12:$I$64,$E$12:$E$64,M16,$J$12:$J$64,"Overdue")+SUMIFS($I$12:$I$64,$E$12:$E$64,M16,$J$12:$J$64,"Due within 7 days") -> 32.329991 | P16: ='Capacity and backlog'!C126 -> 67.403048
A17: ='Work packages'!A1263 -> WP-01262 | B17: ='Work packages'!W1263 -> 45985 | C17: ='Work packages'!X1263 -> 45998 | D17: ='Work packages'!E1263 -> Electrical fault isolation | E17: ='Work packages'!G1263 -> Electrical | F17: ='Work packages'!I1263 -> Routine | G17: ='Work packages'!V1263 -> 10.485156 | H17: =SUMIFS(tblLaborEntries[Hours booked],tblLaborEntries[Work package ID],A17,tblLaborEntries[Work date serial],"<="&$B$4) -> 0 | I17: =MAX(0,G17-H17) -> 10.485156 | J17: =IF(C17<$B$4,"Overdue",IF(C17<=$B$4+7,"Due within 7 days","Later")) -> Overdue | K17: =IF(I17=0,"Awaiting closeout","Work remains") -> Work remains | M17: Structures | N17: =SUMIFS($I$12:$I$64,$E$12:$E$64,M17) -> 123.07391 | O17: =SUMIFS($I$12:$I$64,$E$12:$E$64,M17,$J$12:$J$64,"Overdue")+SUMIFS($I$12:$I$64,$E$12:$E$64,M17,$J$12:$J$64,"Due within 7 days") -> 86.578261 | P17: ='Capacity and backlog'!C127 -> 64.242345
A18: ='Work packages'!A2148 -> WP-02147 | B18: ='Work packages'!W2148 -> 45987 | C18: ='Work packages'!X2148 -> 46000 | D18: ='Work packages'!E2148 -> Flight control inspection | E18: ='Work packages'!G2148 -> Airframe | F18: ='Work packages'!I2148 -> Routine | G18: ='Work packages'!V2148 -> 7.0434109 | H18: =SUMIFS(tblLaborEntries[Hours booked],tblLaborEntries[Work package ID],A18,tblLaborEntries[Work date serial],"<="&$B$4) -> 8.1 | I18: =MAX(0,G18-H18) -> 0 | J18: =IF(C18<$B$4,"Overdue",IF(C18<=$B$4+7,"Due within 7 days","Later")) -> Overdue | K18: =IF(I18=0,"Awaiting closeout","Work remains") -> Awaiting closeout
A19: ='Work packages'!A2161 -> WP-02160 | B19: ='Work packages'!W2161 -> 45991 | C19: ='Work packages'!X2161 -> 46004 | D19: ='Work packages'!E2161 -> Scheduled system service | E19: ='Work packages'!G2161 -> Airframe | F19: ='Work packages'!I2161 -> Routine | G19: ='Work packages'!V2161 -> 8.1254545 | H19: =SUMIFS(tblLaborEntries[Hours booked],tblLaborEntries[Work package ID],A19,tblLaborEntries[Work date serial],"<="&$B$4) -> 0 | I19: =MAX(0,G19-H19) -> 8.1254545 | J19: =IF(C19<$B$4,"Overdue",IF(C19<=$B$4+7,"Due within 7 days","Later")) -> Overdue | K19: =IF(I19=0,"Awaiting closeout","Work remains") -> Work remains | M19: This is a fixed historical snapshot. Rebuild the open-job selection to inspect another date; completion dates are used only to reconstruct which jobs were open.
A20: ='Work packages'!A2030 -> WP-02029 | B20: ='Work packages'!W2030 -> 45992 | C20: ='Work packages'!X2030 -> 46005 | D20: ='Work packages'!E2030 -> Scheduled system service | E20: ='Work packages'!G2030 -> Airframe | F20: ='Work packages'!I2030 -> Routine | G20: ='Work packages'!V2030 -> 5.7254545 | H20: =SUMIFS(tblLaborEntries[Hours booked],tblLaborEntries[Work package ID],A20,tblLaborEntries[Work date serial],"<="&$B$4) -> 0 | I20: =MAX(0,G20-H20) -> 5.7254545 | J20: =IF(C20<$B$4,"Overdue",IF(C20<=$B$4+7,"Due within 7 days","Later")) -> Overdue | K20: =IF(I20=0,"Awaiting closeout","Work remains") -> Work remains
A21: ='Work packages'!A868 -> WP-00867 | B21: ='Work packages'!W868 -> 46000 | C21: ='Work packages'!X868 -> 46013 | D21: ='Work packages'!E868 -> Postflight discrepancy review | E21: ='Work packages'!G868 -> Avionics | F21: ='Work packages'!I868 -> Routine | G21: ='Work packages'!V868 -> 8.5373984 | H21: =SUMIFS(tblLaborEntries[Hours booked],tblLaborEntries[Work package ID],A21,tblLaborEntries[Work date serial],"<="&$B$4) -> 11.6 | I21: =MAX(0,G21-H21) -> 0 | J21: =IF(C21<$B$4,"Overdue",IF(C21<=$B$4+7,"Due within 7 days","Later")) -> Overdue | K21: =IF(I21=0,"Awaiting closeout","Work remains") -> Awaiting closeout
A22: ='Work packages'!A436 -> WP-00435 | B22: ='Work packages'!W436 -> 46008 | C22: ='Work packages'!X436 -> 46014 | D22: ='Work packages'!E436 -> Postflight discrepancy review | E22: ='Work packages'!G436 -> Avionics | F22: ='Work packages'!I436 -> High | G22: ='Work packages'!V436 -> 3.2373984 | H22: =SUMIFS(tblLaborEntries[Hours booked],tblLaborEntries[Work package ID],A22,tblLaborEntries[Work date serial],"<="&$B$4) -> 0 | I22: =MAX(0,G22-H22) -> 3.2373984 | J22: =IF(C22<$B$4,"Overdue",IF(C22<=$B$4+7,"Due within 7 days","Later")) -> Overdue | K22: =IF(I22=0,"Awaiting closeout","Work remains") -> Work remains
A23: ='Work packages'!A1604 -> WP-01603 | B23: ='Work packages'!W1604 -> 46008 | C23: ='Work packages'!X1604 -> 46014 | D23: ='Work packages'!E1604 -> Scheduled system service | E23: ='Work packages'!G1604 -> Airframe | F23: ='Work packages'!I1604 -> High | G23: ='Work packages'!V1604 -> 9.0254545 | H23: =SUMIFS(tblLaborEntries[Hours booked],tblLaborEntries[Work package ID],A23,tblLaborEntries[Work date serial],"<="&$B$4) -> 5.7 | I23: =MAX(0,G23-H23) -> 3.3254545 | J23: =IF(C23<$B$4,"Overdue",IF(C23<=$B$4+7,"Due within 7 days","Later")) -> Overdue | K23: =IF(I23=0,"Awaiting closeout","Work remains") -> Work remains
A24: ='Work packages'!A153 -> WP-00152 | B24: ='Work packages'!W153 -> 46002 | C24: ='Work packages'!X153 -> 46015 | D24: ='Work packages'!E153 -> Postflight discrepancy review | E24: ='Work packages'!G153 -> Avionics | F24: ='Work packages'!I153 -> Routine | G24: ='Work packages'!V153 -> 3.0373984 | H24: =SUMIFS(tblLaborEntries[Hours booked],tblLaborEntries[Work package ID],A24,tblLaborEntries[Work date serial],"<="&$B$4) -> 0 | I24: =MAX(0,G24-H24) -> 3.0373984 | J24: =IF(C24<$B$4,"Overdue",IF(C24<=$B$4+7,"Due within 7 days","Later")) -> Overdue | K24: =IF(I24=0,"Awaiting closeout","Work remains") -> Work remains
A25: ='Work packages'!A1290 -> WP-01289 | B25: ='Work packages'!W1290 -> 46013 | C25: ='Work packages'!X1290 -> 46015 | D25: ='Work packages'!E1290 -> Hydraulic leak diagnosis | E25: ='Work packages'!G1290 -> Hydraulics | F25: ='Work packages'!I1290 -> Urgent | G25: ='Work packages'!V1290 -> 17.773548 | H25: =SUMIFS(tblLaborEntries[Hours booked],tblLaborEntries[Work package ID],A25,tblLaborEntries[Work date serial],"<="&$B$4) -> 0 | I25: =MAX(0,G25-H25) -> 17.773548 | J25: =IF(C25<$B$4,"Overdue",IF(C25<=$B$4+7,"Due within 7 days","Later")) -> Overdue | K25: =IF(I25=0,"Awaiting closeout","Work remains") -> Work remains
A26: ='Work packages'!A1897 -> WP-01896 | B26: ='Work packages'!W1897 -> 46002 | C26: ='Work packages'!X1897 -> 46015 | D26: ='Work packages'!E1897 -> Scheduled system service | E26: ='Work packages'!G1897 -> Airframe | F26: ='Work packages'!I1897 -> Routine | G26: ='Work packages'!V1897 -> 11.725455 | H26: =SUMIFS(tblLaborEntries[Hours booked],tblLaborEntries[Work package ID],A26,tblLaborEntries[Work date serial],"<="&$B$4) -> 9.9 | I26: =MAX(0,G26-H26) -> 1.8254545 | J26: =IF(C26<$B$4,"Overdue",IF(C26<=$B$4+7,"Due within 7 days","Later")) -> Overdue | K26: =IF(I26=0,"Awaiting closeout","Work remains") -> Work remains
A27: ='Work packages'!A1708 -> WP-01707 | B27: ='Work packages'!W1708 -> 46012 | C27: ='Work packages'!X1708 -> 46018 | D27: ='Work packages'!E1708 -> Instrumentation installation | E27: ='Work packages'!G1708 -> Avionics | F27: ='Work packages'!I1708 -> High | G27: ='Work packages'!V1708 -> 10.220755 | H27: =SUMIFS(tblLaborEntries[Hours booked],tblLaborEntries[Work package ID],A27,tblLaborEntries[Work date serial],"<="&$B$4) -> 0 | I27: =MAX(0,G27-H27) -> 10.220755 | J27: =IF(C27<$B$4,"Overdue",IF(C27<=$B$4+7,"Due within 7 days","Later")) -> Overdue | K27: =IF(I27=0,"Awaiting closeout","Work remains") -> Work remains
A28: ='Work packages'!A200 -> WP-00199 | B28: ='Work packages'!W200 -> 46007 | C28: ='Work packages'!X200 -> 46020 | D28: ='Work packages'!E200 -> Sensor calibration | E28: ='Work packages'!G200 -> Avionics | F28: ='Work packages'!I200 -> Routine | G28: ='Work packages'!V200 -> 13.591608 | H28: =SUMIFS(tblLaborEntries[Hours booked],tblLaborEntries[Work package ID],A28,tblLaborEntries[Work date serial],"<="&$B$4) -> 0 | I28: =MAX(0,G28-H28) -> 13.591608 | J28: =IF(C28<$B$4,"Overdue",IF(C28<=$B$4+7,"Due within 7 days","Later")) -> Overdue | K28: =IF(I28=0,"Awaiting closeout","Work remains") -> Work remains
A29: ='Work packages'!A229 -> WP-00228 | B29: ='Work packages'!W229 -> 46007 | C29: ='Work packages'!X229 -> 46020 | D29: ='Work packages'!E229 -> Flight control inspection | E29: ='Work packages'!G229 -> Airframe | F29: ='Work packages'!I229 -> Routine | G29: ='Work packages'!V229 -> 11.943411 | H29: =SUMIFS(tblLaborEntries[Hours booked],tblLaborEntries[Work package ID],A29,tblLaborEntries[Work date serial],"<="&$B$4) -> 0 | I29: =MAX(0,G29-H29) -> 11.943411 | J29: =IF(C29<$B$4,"Overdue",IF(C29<=$B$4+7,"Due within 7 days","Later")) -> Overdue | K29: =IF(I29=0,"Awaiting closeout","Work remains") -> Work remains
A30: ='Work packages'!A808 -> WP-00807 | B30: ='Work packages'!W808 -> 46007 | C30: ='Work packages'!X808 -> 46020 | D30: ='Work packages'!E808 -> Flight control inspection | E30: ='Work packages'!G808 -> Airframe | F30: ='Work packages'!I808 -> Routine | G30: ='Work packages'!V808 -> 4.7434109 | H30: =SUMIFS(tblLaborEntries[Hours booked],tblLaborEntries[Work package ID],A30,tblLaborEntries[Work date serial],"<="&$B$4) -> 4.2 | I30: =MAX(0,G30-H30) -> 0.54341085 | J30: =IF(C30<$B$4,"Overdue",IF(C30<=$B$4+7,"Due within 7 days","Later")) -> Overdue | K30: =IF(I30=0,"Awaiting closeout","Work remains") -> Work remains
A31: ='Work packages'!A460 -> WP-00459 | B31: ='Work packages'!W460 -> 46015 | C31: ='Work packages'!X460 -> 46021 | D31: ='Work packages'!E460 -> Preflight inspection | E31: ='Work packages'!G460 -> Airframe | F31: ='Work packages'!I460 -> High | G31: ='Work packages'!V460 -> 5.7289308 | H31: =SUMIFS(tblLaborEntries[Hours booked],tblLaborEntries[Work package ID],A31,tblLaborEntries[Work date serial],"<="&$B$4) -> 0 | I31: =MAX(0,G31-H31) -> 5.7289308 | J31: =IF(C31<$B$4,"Overdue",IF(C31<=$B$4+7,"Due within 7 days","Later")) -> Due within 7 days | K31: =IF(I31=0,"Awaiting closeout","Work remains") -> Work remains
A32: ='Work packages'!A1093 -> WP-01092 | B32: ='Work packages'!W1093 -> 46008 | C32: ='Work packages'!X1093 -> 46021 | D32: ='Work packages'!E1093 -> Flight control inspection | E32: ='Work packages'!G1093 -> Airframe | F32: ='Work packages'!I1093 -> Routine | G32: ='Work packages'!V1093 -> 5.0434109 | H32: =SUMIFS(tblLaborEntries[Hours booked],tblLaborEntries[Work package ID],A32,tblLaborEntries[Work date serial],"<="&$B$4) -> 0 | I32: =MAX(0,G32-H32) -> 5.0434109 | J32: =IF(C32<$B$4,"Overdue",IF(C32<=$B$4+7,"Due within 7 days","Later")) -> Due within 7 days | K32: =IF(I32=0,"Awaiting closeout","Work remains") -> Work remains
A33: ='Work packages'!A1417 -> WP-01416 | B33: ='Work packages'!W1417 -> 46015 | C33: ='Work packages'!X1417 -> 46021 | D33: ='Work packages'!E1417 -> Structural repair | E33: ='Work packages'!G1417 -> Structures | F33: ='Work packages'!I1417 -> High | G33: ='Work packages'!V1417 -> 22.495652 | H33: =SUMIFS(tblLaborEntries[Hours booked],tblLaborEntries[Work package ID],A33,tblLaborEntries[Work date serial],"<="&$B$4) -> 20.8 | I33: =MAX(0,G33-H33) -> 1.6956522 | J33: =IF(C33<$B$4,"Overdue",IF(C33<=$B$4+7,"Due within 7 days","Later")) -> Due within 7 days | K33: =IF(I33=0,"Awaiting closeout","Work remains") -> Work remains
A34: ='Work packages'!A2199 -> WP-02198 | B34: ='Work packages'!W2199 -> 46015 | C34: ='Work packages'!X2199 -> 46021 | D34: ='Work packages'!E2199 -> Software/configuration check | E34: ='Work packages'!G2199 -> Avionics | F34: ='Work packages'!I2199 -> High | G34: ='Work packages'!V2199 -> 9.753125 | H34: =SUMIFS(tblLaborEntries[Hours booked],tblLaborEntries[Work package ID],A34,tblLaborEntries[Work date serial],"<="&$B$4) -> 7.3 | I34: =MAX(0,G34-H34) -> 2.453125 | J34: =IF(C34<$B$4,"Overdue",IF(C34<=$B$4+7,"Due within 7 days","Later")) -> Due within 7 days | K34: =IF(I34=0,"Awaiting closeout","Work remains") -> Work remains
A35: ='Work packages'!A589 -> WP-00588 | B35: ='Work packages'!W589 -> 46016 | C35: ='Work packages'!X589 -> 46022 | D35: ='Work packages'!E589 -> Structural repair | E35: ='Work packages'!G589 -> Structures | F35: ='Work packages'!I589 -> High | G35: ='Work packages'!V589 -> 21.295652 | H35: =SUMIFS(tblLaborEntries[Hours booked],tblLaborEntries[Work package ID],A35,tblLaborEntries[Work date serial],"<="&$B$4) -> 19.4 | I35: =MAX(0,G35-H35) -> 1.8956522 | J35: =IF(C35<$B$4,"Overdue",IF(C35<=$B$4+7,"Due within 7 days","Later")) -> Due within 7 days | K35: =IF(I35=0,"Awaiting closeout","Work remains") -> Work remains
A36: ='Work packages'!A690 -> WP-00689 | B36: ='Work packages'!W690 -> 46016 | C36: ='Work packages'!X690 -> 46022 | D36: ='Work packages'!E690 -> Hydraulic leak diagnosis | E36: ='Work packages'!G690 -> Hydraulics | F36: ='Work packages'!I690 -> High | G36: ='Work packages'!V690 -> 7.5735484 | H36: =SUMIFS(tblLaborEntries[Hours booked],tblLaborEntries[Work package ID],A36,tblLaborEntries[Work date serial],"<="&$B$4) -> 0 | I36: =MAX(0,G36-H36) -> 7.5735484 | J36: =IF(C36<$B$4,"Overdue",IF(C36<=$B$4+7,"Due within 7 days","Later")) -> Due within 7 days | K36: =IF(I36=0,"Awaiting closeout","Work remains") -> Work remains
A37: ='Work packages'!A2127 -> WP-02126 | B37: ='Work packages'!W2127 -> 46016 | C37: ='Work packages'!X2127 -> 46022 | D37: ='Work packages'!E2127 -> Preflight inspection | E37: ='Work packages'!G2127 -> Airframe | F37: ='Work packages'!I2127 -> High | G37: ='Work packages'!V2127 -> 4.2289308 | H37: =SUMIFS(tblLaborEntries[Hours booked],tblLaborEntries[Work package ID],A37,tblLaborEntries[Work date serial],"<="&$B$4) -> 0 | I37: =MAX(0,G37-H37) -> 4.2289308 | J37: =IF(C37<$B$4,"Overdue",IF(C37<=$B$4+7,"Due within 7 days","Later")) -> Due within 7 days | K37: =IF(I37=0,"Awaiting closeout","Work remains") -> Work remains
A38: ='Work packages'!A406 -> WP-00405 | B38: ='Work packages'!W406 -> 46010 | C38: ='Work packages'!X406 -> 46023 | D38: ='Work packages'!E406 -> Sensor calibration | E38: ='Work packages'!G406 -> Avionics | F38: ='Work packages'!I406 -> Routine | G38: ='Work packages'!V406 -> 10.591608 | H38: =SUMIFS(tblLaborEntries[Hours booked],tblLaborEntries[Work package ID],A38,tblLaborEntries[Work date serial],"<="&$B$4) -> 0 | I38: =MAX(0,G38-H38) -> 10.591608 | J38: =IF(C38<$B$4,"Overdue",IF(C38<=$B$4+7,"Due within 7 days","Later")) -> Due within 7 days | K38: =IF(I38=0,"Awaiting closeout","Work remains") -> Work remains
A39: ='Work packages'!A884 -> WP-00883 | B39: ='Work packages'!W884 -> 46010 | C39: ='Work packages'!X884 -> 46023 | D39: ='Work packages'!E884 -> Preflight inspection | E39: ='Work packages'!G884 -> Airframe | F39: ='Work packages'!I884 -> Routine | G39: ='Work packages'!V884 -> 2.2289308 | H39: =SUMIFS(tblLaborEntries[Hours booked],tblLaborEntries[Work package ID],A39,tblLaborEntries[Work date serial],"<="&$B$4) -> 0 | I39: =MAX(0,G39-H39) -> 2.2289308 | J39: =IF(C39<$B$4,"Overdue",IF(C39<=$B$4+7,"Due within 7 days","Later")) -> Due within 7 days | K39: =IF(I39=0,"Awaiting closeout","Work remains") -> Work remains
A40: ='Work packages'!A2292 -> WP-02291 | B40: ='Work packages'!W2292 -> 46021 | C40: ='Work packages'!X2292 -> 46023 | D40: ='Work packages'!E2292 -> Electrical fault isolation | E40: ='Work packages'!G2292 -> Electrical | F40: ='Work packages'!I2292 -> Urgent | G40: ='Work packages'!V2292 -> 15.485156 | H40: =SUMIFS(tblLaborEntries[Hours booked],tblLaborEntries[Work package ID],A40,tblLaborEntries[Work date serial],"<="&$B$4) -> 0 | I40: =MAX(0,G40-H40) -> 15.485156 | J40: =IF(C40<$B$4,"Overdue",IF(C40<=$B$4+7,"Due within 7 days","Later")) -> Due within 7 days | K40: =IF(I40=0,"Awaiting closeout","Work remains") -> Work remains
A41: ='Work packages'!A780 -> WP-00779 | B41: ='Work packages'!W780 -> 46018 | C41: ='Work packages'!X780 -> 46024 | D41: ='Work packages'!E780 -> Structural repair | E41: ='Work packages'!G780 -> Structures | F41: ='Work packages'!I780 -> High | G41: ='Work packages'!V780 -> 39.995652 | H41: =SUMIFS(tblLaborEntries[Hours booked],tblLaborEntries[Work package ID],A41,tblLaborEntries[Work date serial],"<="&$B$4) -> 0 | I41: =MAX(0,G41-H41) -> 39.995652 | J41: =IF(C41<$B$4,"Overdue",IF(C41<=$B$4+7,"Due within 7 days","Later")) -> Due within 7 days | K41: =IF(I41=0,"Awaiting closeout","Work remains") -> Work remains
A42: ='Work packages'!A1595 -> WP-01594 | B42: ='Work packages'!W1595 -> 46018 | C42: ='Work packages'!X1595 -> 46024 | D42: ='Work packages'!E1595 -> Instrumentation installation | E42: ='Work packages'!G1595 -> Avionics | F42: ='Work packages'!I1595 -> High | G42: ='Work packages'!V1595 -> 24.520755 | H42: =SUMIFS(tblLaborEntries[Hours booked],tblLaborEntries[Work package ID],A42,tblLaborEntries[Work date serial],"<="&$B$4) -> 17.6 | I42: =MAX(0,G42-H42) -> 6.9207547 | J42: =IF(C42<$B$4,"Overdue",IF(C42<=$B$4+7,"Due within 7 days","Later")) -> Due within 7 days | K42: =IF(I42=0,"Awaiting closeout","Work remains") -> Work remains
A43: ='Work packages'!A2232 -> WP-02231 | B43: ='Work packages'!W2232 -> 46018 | C43: ='Work packages'!X2232 -> 46024 | D43: ='Work packages'!E2232 -> Flight control inspection | E43: ='Work packages'!G2232 -> Airframe | F43: ='Work packages'!I2232 -> High | G43: ='Work packages'!V2232 -> 9.8434109 | H43: =SUMIFS(tblLaborEntries[Hours booked],tblLaborEntries[Work package ID],A43,tblLaborEntries[Work date serial],"<="&$B$4) -> 0 | I43: =MAX(0,G43-H43) -> 9.8434109 | J43: =IF(C43<$B$4,"Overdue",IF(C43<=$B$4+7,"Due within 7 days","Later")) -> Due within 7 days | K43: =IF(I43=0,"Awaiting closeout","Work remains") -> Work remains
A44: ='Work packages'!A54 -> WP-00053 | B44: ='Work packages'!W54 -> 46012 | C44: ='Work packages'!X54 -> 46025 | D44: ='Work packages'!E54 -> Postflight discrepancy review | E44: ='Work packages'!G54 -> Avionics | F44: ='Work packages'!I54 -> Routine | G44: ='Work packages'!V54 -> 3.4373984 | H44: =SUMIFS(tblLaborEntries[Hours booked],tblLaborEntries[Work package ID],A44,tblLaborEntries[Work date serial],"<="&$B$4) -> 0 | I44: =MAX(0,G44-H44) -> 3.4373984 | J44: =IF(C44<$B$4,"Overdue",IF(C44<=$B$4+7,"Due within 7 days","Later")) -> Due within 7 days | K44: =IF(I44=0,"Awaiting closeout","Work remains") -> Work remains
A45: ='Work packages'!A335 -> WP-00334 | B45: ='Work packages'!W335 -> 46019 | C45: ='Work packages'!X335 -> 46025 | D45: ='Work packages'!E335 -> Fuel system inspection | E45: ='Work packages'!G335 -> Powerplant | F45: ='Work packages'!I335 -> High | G45: ='Work packages'!V335 -> 10.002667 | H45: =SUMIFS(tblLaborEntries[Hours booked],tblLaborEntries[Work package ID],A45,tblLaborEntries[Work date serial],"<="&$B$4) -> 0 | I45: =MAX(0,G45-H45) -> 10.002667 | J45: =IF(C45<$B$4,"Overdue",IF(C45<=$B$4+7,"Due within 7 days","Later")) -> Due within 7 days | K45: =IF(I45=0,"Awaiting closeout","Work remains") -> Work remains
A46: ='Work packages'!A1117 -> WP-01116 | B46: ='Work packages'!W1117 -> 46012 | C46: ='Work packages'!X1117 -> 46025 | D46: ='Work packages'!E1117 -> Electrical fault isolation | E46: ='Work packages'!G1117 -> Electrical | F46: ='Work packages'!I1117 -> Routine | G46: ='Work packages'!V1117 -> 11.285156 | H46: =SUMIFS(tblLaborEntries[Hours booked],tblLaborEntries[Work package ID],A46,tblLaborEntries[Work date serial],"<="&$B$4) -> 0 | I46: =MAX(0,G46-H46) -> 11.285156 | J46: =IF(C46<$B$4,"Overdue",IF(C46<=$B$4+7,"Due within 7 days","Later")) -> Due within 7 days | K46: =IF(I46=0,"Awaiting closeout","Work remains") -> Work remains
A47: ='Work packages'!A1141 -> WP-01140 | B47: ='Work packages'!W1141 -> 46019 | C47: ='Work packages'!X1141 -> 46025 | D47: ='Work packages'!E1141 -> Electrical fault isolation | E47: ='Work packages'!G1141 -> Electrical | F47: ='Work packages'!I1141 -> High | G47: ='Work packages'!V1141 -> 10.885156 | H47: =SUMIFS(tblLaborEntries[Hours booked],tblLaborEntries[Work package ID],A47,tblLaborEntries[Work date serial],"<="&$B$4) -> 0 | I47: =MAX(0,G47-H47) -> 10.885156 | J47: =IF(C47<$B$4,"Overdue",IF(C47<=$B$4+7,"Due within 7 days","Later")) -> Due within 7 days | K47: =IF(I47=0,"Awaiting closeout","Work remains") -> Work remains
A48: ='Work packages'!A611 -> WP-00610 | B48: ='Work packages'!W611 -> 46020 | C48: ='Work packages'!X611 -> 46026 | D48: ='Work packages'!E611 -> Electrical fault isolation | E48: ='Work packages'!G611 -> Electrical | F48: ='Work packages'!I611 -> High | G48: ='Work packages'!V611 -> 12.285156 | H48: =SUMIFS(tblLaborEntries[Hours booked],tblLaborEntries[Work package ID],A48,tblLaborEntries[Work date serial],"<="&$B$4) -> 6.2 | I48: =MAX(0,G48-H48) -> 6.0851562 | J48: =IF(C48<$B$4,"Overdue",IF(C48<=$B$4+7,"Due within 7 days","Later")) -> Due within 7 days | K48: =IF(I48=0,"Awaiting closeout","Work remains") -> Work remains
A49: ='Work packages'!A758 -> WP-00757 | B49: ='Work packages'!W758 -> 46020 | C49: ='Work packages'!X758 -> 46026 | D49: ='Work packages'!E758 -> Electrical fault isolation | E49: ='Work packages'!G758 -> Electrical | F49: ='Work packages'!I758 -> High | G49: ='Work packages'!V758 -> 8.1851563 | H49: =SUMIFS(tblLaborEntries[Hours booked],tblLaborEntries[Work package ID],A49,tblLaborEntries[Work date serial],"<="&$B$4) -> 0 | I49: =MAX(0,G49-H49) -> 8.1851563 | J49: =IF(C49<$B$4,"Overdue",IF(C49<=$B$4+7,"Due within 7 days","Later")) -> Due within 7 days | K49: =IF(I49=0,"Awaiting closeout","Work remains") -> Work remains
A50: ='Work packages'!A1345 -> WP-01344 | B50: ='Work packages'!W1345 -> 46020 | C50: ='Work packages'!X1345 -> 46026 | D50: ='Work packages'!E1345 -> Flight control inspection | E50: ='Work packages'!G1345 -> Airframe | F50: ='Work packages'!I1345 -> High | G50: ='Work packages'!V1345 -> 4.7434109 | H50: =SUMIFS(tblLaborEntries[Hours booked],tblLaborEntries[Work package ID],A50,tblLaborEntries[Work date serial],"<="&$B$4) -> 0 | I50: =MAX(0,G50-H50) -> 4.7434109 | J50: =IF(C50<$B$4,"Overdue",IF(C50<=$B$4+7,"Due within 7 days","Later")) -> Due within 7 days | K50: =IF(I50=0,"Awaiting closeout","Work remains") -> Work remains
A51: ='Work packages'!A2145 -> WP-02144 | B51: ='Work packages'!W2145 -> 46020 | C51: ='Work packages'!X2145 -> 46026 | D51: ='Work packages'!E2145 -> Software/configuration check | E51: ='Work packages'!G2145 -> Avionics | F51: ='Work packages'!I2145 -> High | G51: ='Work packages'!V2145 -> 5.353125 | H51: =SUMIFS(tblLaborEntries[Hours booked],tblLaborEntries[Work package ID],A51,tblLaborEntries[Work date serial],"<="&$B$4) -> 1.5 | I51: =MAX(0,G51-H51) -> 3.853125 | J51: =IF(C51<$B$4,"Overdue",IF(C51<=$B$4+7,"Due within 7 days","Later")) -> Due within 7 days | K51: =IF(I51=0,"Awaiting closeout","Work remains") -> Work remains
A52: ='Work packages'!A720 -> WP-00719 | B52: ='Work packages'!W720 -> 46021 | C52: ='Work packages'!X720 -> 46027 | D52: ='Work packages'!E720 -> Structural repair | E52: ='Work packages'!G720 -> Structures | F52: ='Work packages'!I720 -> High | G52: ='Work packages'!V720 -> 35.295652 | H52: =SUMIFS(tblLaborEntries[Hours booked],tblLaborEntries[Work package ID],A52,tblLaborEntries[Work date serial],"<="&$B$4) -> 0 | I52: =MAX(0,G52-H52) -> 35.295652 | J52: =IF(C52<$B$4,"Overdue",IF(C52<=$B$4+7,"Due within 7 days","Later")) -> Due within 7 days | K52: =IF(I52=0,"Awaiting closeout","Work remains") -> Work remains
A53: ='Work packages'!A1701 -> WP-01700 | B53: ='Work packages'!W1701 -> 46014 | C53: ='Work packages'!X1701 -> 46027 | D53: ='Work packages'!E1701 -> Preflight inspection | E53: ='Work packages'!G1701 -> Airframe | F53: ='Work packages'!I1701 -> Routine | G53: ='Work packages'!V1701 -> 4.4289308 | H53: =SUMIFS(tblLaborEntries[Hours booked],tblLaborEntries[Work package ID],A53,tblLaborEntries[Work date serial],"<="&$B$4) -> 0 | I53: =MAX(0,G53-H53) -> 4.4289308 | J53: =IF(C53<$B$4,"Overdue",IF(C53<=$B$4+7,"Due within 7 days","Later")) -> Due within 7 days | K53: =IF(I53=0,"Awaiting closeout","Work remains") -> Work remains
A54: ='Work packages'!A2106 -> WP-02105 | B54: ='Work packages'!W2106 -> 46021 | C54: ='Work packages'!X2106 -> 46027 | D54: ='Work packages'!E2106 -> Instrumentation installation | E54: ='Work packages'!G2106 -> Avionics | F54: ='Work packages'!I2106 -> High | G54: ='Work packages'!V2106 -> 18.420755 | H54: =SUMIFS(tblLaborEntries[Hours booked],tblLaborEntries[Work package ID],A54,tblLaborEntries[Work date serial],"<="&$B$4) -> 0 | I54: =MAX(0,G54-H54) -> 18.420755 | J54: =IF(C54<$B$4,"Overdue",IF(C54<=$B$4+7,"Due within 7 days","Later")) -> Due within 7 days | K54: =IF(I54=0,"Awaiting closeout","Work remains") -> Work remains
A55: ='Work packages'!A666 -> WP-00665 | B55: ='Work packages'!W666 -> 46016 | C55: ='Work packages'!X666 -> 46029 | D55: ='Work packages'!E666 -> Preflight inspection | E55: ='Work packages'!G666 -> Airframe | F55: ='Work packages'!I666 -> Routine | G55: ='Work packages'!V666 -> 3.0289308 | H55: =SUMIFS(tblLaborEntries[Hours booked],tblLaborEntries[Work package ID],A55,tblLaborEntries[Work date serial],"<="&$B$4) -> 0 | I55: =MAX(0,G55-H55) -> 3.0289308 | J55: =IF(C55<$B$4,"Overdue",IF(C55<=$B$4+7,"Due within 7 days","Later")) -> Later | K55: =IF(I55=0,"Awaiting closeout","Work remains") -> Work remains
A56: ='Work packages'!A1326 -> WP-01325 | B56: ='Work packages'!W1326 -> 46016 | C56: ='Work packages'!X1326 -> 46029 | D56: ='Work packages'!E1326 -> Structural repair | E56: ='Work packages'!G1326 -> Structures | F56: ='Work packages'!I1326 -> Routine | G56: ='Work packages'!V1326 -> 36.495652 | H56: =SUMIFS(tblLaborEntries[Hours booked],tblLaborEntries[Work package ID],A56,tblLaborEntries[Work date serial],"<="&$B$4) -> 0 | I56: =MAX(0,G56-H56) -> 36.495652 | J56: =IF(C56<$B$4,"Overdue",IF(C56<=$B$4+7,"Due within 7 days","Later")) -> Later | K56: =IF(I56=0,"Awaiting closeout","Work remains") -> Work remains
A57: ='Work packages'!A2078 -> WP-02077 | B57: ='Work packages'!W2078 -> 46017 | C57: ='Work packages'!X2078 -> 46030 | D57: ='Work packages'!E2078 -> Sensor calibration | E57: ='Work packages'!G2078 -> Avionics | F57: ='Work packages'!I2078 -> Routine | G57: ='Work packages'!V2078 -> 14.091608 | H57: =SUMIFS(tblLaborEntries[Hours booked],tblLaborEntries[Work package ID],A57,tblLaborEntries[Work date serial],"<="&$B$4) -> 0 | I57: =MAX(0,G57-H57) -> 14.091608 | J57: =IF(C57<$B$4,"Overdue",IF(C57<=$B$4+7,"Due within 7 days","Later")) -> Later | K57: =IF(I57=0,"Awaiting closeout","Work remains") -> Work remains
A58: ='Work packages'!A2024 -> WP-02023 | B58: ='Work packages'!W2024 -> 46018 | C58: ='Work packages'!X2024 -> 46031 | D58: ='Work packages'!E2024 -> Flight control inspection | E58: ='Work packages'!G2024 -> Airframe | F58: ='Work packages'!I2024 -> Routine | G58: ='Work packages'!V2024 -> 4.7434109 | H58: =SUMIFS(tblLaborEntries[Hours booked],tblLaborEntries[Work package ID],A58,tblLaborEntries[Work date serial],"<="&$B$4) -> 5.9 | I58: =MAX(0,G58-H58) -> 0 | J58: =IF(C58<$B$4,"Overdue",IF(C58<=$B$4+7,"Due within 7 days","Later")) -> Later | K58: =IF(I58=0,"Awaiting closeout","Work remains") -> Awaiting closeout
A59: ='Work packages'!A1002 -> WP-01001 | B59: ='Work packages'!W1002 -> 46019 | C59: ='Work packages'!X1002 -> 46032 | D59: ='Work packages'!E1002 -> Postflight discrepancy review | E59: ='Work packages'!G1002 -> Avionics | F59: ='Work packages'!I1002 -> Routine | G59: ='Work packages'!V1002 -> 8.7373984 | H59: =SUMIFS(tblLaborEntries[Hours booked],tblLaborEntries[Work package ID],A59,tblLaborEntries[Work date serial],"<="&$B$4) -> 0 | I59: =MAX(0,G59-H59) -> 8.7373984 | J59: =IF(C59<$B$4,"Overdue",IF(C59<=$B$4+7,"Due within 7 days","Later")) -> Later | K59: =IF(I59=0,"Awaiting closeout","Work remains") -> Work remains
A60: ='Work packages'!A2058 -> WP-02057 | B60: ='Work packages'!W2058 -> 46019 | C60: ='Work packages'!X2058 -> 46032 | D60: ='Work packages'!E2058 -> Hydraulic leak diagnosis | E60: ='Work packages'!G2058 -> Hydraulics | F60: ='Work packages'!I2058 -> Routine | G60: ='Work packages'!V2058 -> 14.273548 | H60: =SUMIFS(tblLaborEntries[Hours booked],tblLaborEntries[Work package ID],A60,tblLaborEntries[Work date serial],"<="&$B$4) -> 0 | I60: =MAX(0,G60-H60) -> 14.273548 | J60: =IF(C60<$B$4,"Overdue",IF(C60<=$B$4+7,"Due within 7 days","Later")) -> Later | K60: =IF(I60=0,"Awaiting closeout","Work remains") -> Work remains
A61: ='Work packages'!A2313 -> WP-02312 | B61: ='Work packages'!W2313 -> 46020 | C61: ='Work packages'!X2313 -> 46033 | D61: ='Work packages'!E2313 -> Instrumentation installation | E61: ='Work packages'!G2313 -> Avionics | F61: ='Work packages'!I2313 -> Routine | G61: ='Work packages'!V2313 -> 19.620755 | H61: =SUMIFS(tblLaborEntries[Hours booked],tblLaborEntries[Work package ID],A61,tblLaborEntries[Work date serial],"<="&$B$4) -> 0 | I61: =MAX(0,G61-H61) -> 19.620755 | J61: =IF(C61<$B$4,"Overdue",IF(C61<=$B$4+7,"Due within 7 days","Later")) -> Later | K61: =IF(I61=0,"Awaiting closeout","Work remains") -> Work remains
A62: ='Work packages'!A127 -> WP-00126 | B62: ='Work packages'!W127 -> 46021 | C62: ='Work packages'!X127 -> 46034 | D62: ='Work packages'!E127 -> Instrumentation installation | E62: ='Work packages'!G127 -> Avionics | F62: ='Work packages'!I127 -> Routine | G62: ='Work packages'!V127 -> 18.420755 | H62: =SUMIFS(tblLaborEntries[Hours booked],tblLaborEntries[Work package ID],A62,tblLaborEntries[Work date serial],"<="&$B$4) -> 0 | I62: =MAX(0,G62-H62) -> 18.420755 | J62: =IF(C62<$B$4,"Overdue",IF(C62<=$B$4+7,"Due within 7 days","Later")) -> Later | K62: =IF(I62=0,"Awaiting closeout","Work remains") -> Work remains
A63: ='Work packages'!A540 -> WP-00539 | B63: ='Work packages'!W540 -> 46021 | C63: ='Work packages'!X540 -> 46034 | D63: ='Work packages'!E540 -> Instrumentation installation | E63: ='Work packages'!G540 -> Avionics | F63: ='Work packages'!I540 -> Routine | G63: ='Work packages'!V540 -> 23.720755 | H63: =SUMIFS(tblLaborEntries[Hours booked],tblLaborEntries[Work package ID],A63,tblLaborEntries[Work date serial],"<="&$B$4) -> 0 | I63: =MAX(0,G63-H63) -> 23.720755 | J63: =IF(C63<$B$4,"Overdue",IF(C63<=$B$4+7,"Due within 7 days","Later")) -> Later | K63: =IF(I63=0,"Awaiting closeout","Work remains") -> Work remains
A64: ='Work packages'!A2093 -> WP-02092 | B64: ='Work packages'!W2093 -> 46021 | C64: ='Work packages'!X2093 -> 46034 | D64: ='Work packages'!E2093 -> Engine run support | E64: ='Work packages'!G2093 -> Powerplant | F64: ='Work packages'!I2093 -> Routine | G64: ='Work packages'!V2093 -> 22.824658 | H64: =SUMIFS(tblLaborEntries[Hours booked],tblLaborEntries[Work package ID],A64,tblLaborEntries[Work date serial],"<="&$B$4) -> 0 | I64: =MAX(0,G64-H64) -> 22.824658 | J64: =IF(C64<$B$4,"Overdue",IF(C64<=$B$4+7,"Due within 7 days","Later")) -> Later | K64: =IF(I64=0,"Awaiting closeout","Work remains") -> Work remains

Sheet Weekly forecast
A2: Weekly labor demand forecast
A4: Forecast input | B4: Value | E4: Method | F4: Selection WMAPE | G4: Selection bias | H4: Selection RMSE | I4: Winner | J4: Method | K4: Final-test WMAPE | L4: Final-test bias | M4: Final-test RMSE | N4: Chosen earlier
A5: Complete history weeks | B5: =COUNT(C15:C118) -> 104 | E5: Last observed week | F5: =SUMIFS(I15:I132,$D$15:$D$132,"Selection")/SUMIFS($C$15:$C$132,$D$15:$D$132,"Selection") -> 0.54362855 | G5: =(SUMIFS(E15:E132,$D$15:$D$132,"Selection")-SUMIFS($C$15:$C$132,$D$15:$D$132,"Selection"))/SUMIFS($C$15:$C$132,$D$15:$D$132,"Selection") -> 0.54362855 | H5: =SQRT(SUMSQ(INDEX($I$15:$I$132,$B$7+1):INDEX($I$15:$I$132,$B$7+$B$6))/$B$6) -> 144.47179 | I5: =IF($F$11=1,"Selected","") | J5: =E5 -> Last observed week | K5: =SUMIFS(I15:I132,$D$15:$D$132,"Final test")/SUMIFS($C$15:$C$132,$D$15:$D$132,"Final test") -> 0.18239409 | L5: =(SUMIFS(E15:E132,$D$15:$D$132,"Final test")-SUMIFS($C$15:$C$132,$D$15:$D$132,"Final test"))/SUMIFS($C$15:$C$132,$D$15:$D$132,"Final test") -> 0.042299063 | M5: =SQRT(SUMSQ(INDEX($I$15:$I$132,$B$7+$B$6+1):INDEX($I$15:$I$132,$B$7+2*$B$6))/$B$6) -> 50.041414 | N5: =IF($F$11=ROW()-4,"Chosen on selection","")
A6: Weeks per evaluation window | B6: 13 | E6: Linear trend | F6: =SUMIFS(J15:J132,$D$15:$D$132,"Selection")/SUMIFS($C$15:$C$132,$D$15:$D$132,"Selection") -> 0.28756731 | G6: =(SUMIFS(F15:F132,$D$15:$D$132,"Selection")-SUMIFS($C$15:$C$132,$D$15:$D$132,"Selection"))/SUMIFS($C$15:$C$132,$D$15:$D$132,"Selection") -> 0.26871504 | H6: =SQRT(SUMSQ(INDEX($J$15:$J$132,$B$7+1):INDEX($J$15:$J$132,$B$7+$B$6))/$B$6) -> 84.832407 | I6: =IF($F$11=2,"Selected","") | J6: =E6 -> Linear trend | K6: =SUMIFS(J15:J132,$D$15:$D$132,"Final test")/SUMIFS($C$15:$C$132,$D$15:$D$132,"Final test") -> 0.27871793 | L6: =(SUMIFS(F15:F132,$D$15:$D$132,"Final test")-SUMIFS($C$15:$C$132,$D$15:$D$132,"Final test"))/SUMIFS($C$15:$C$132,$D$15:$D$132,"Final test") -> 0.23848929 | M6: =SQRT(SUMSQ(INDEX($J$15:$J$132,$B$7+$B$6+1):INDEX($J$15:$J$132,$B$7+2*$B$6))/$B$6) -> 73.98775 | N6: =IF($F$11=ROW()-4,"Chosen on selection","")
A7: Initial training weeks | B7: =B5-2*B6 -> 78 | E7: Moving average | F7: =SUMIFS(K15:K132,$D$15:$D$132,"Selection")/SUMIFS($C$15:$C$132,$D$15:$D$132,"Selection") -> 0.30691618 | G7: =(SUMIFS(G15:G132,$D$15:$D$132,"Selection")-SUMIFS($C$15:$C$132,$D$15:$D$132,"Selection"))/SUMIFS($C$15:$C$132,$D$15:$D$132,"Selection") -> 0.29228949 | H7: =SQRT(SUMSQ(INDEX($K$15:$K$132,$B$7+1):INDEX($K$15:$K$132,$B$7+$B$6))/$B$6) -> 89.736168 | I7: =IF($F$11=3,"Selected","") | J7: =E7 -> Moving average | K7: =SUMIFS(K15:K132,$D$15:$D$132,"Final test")/SUMIFS($C$15:$C$132,$D$15:$D$132,"Final test") -> 0.18901839 | L7: =(SUMIFS(G15:G132,$D$15:$D$132,"Final test")-SUMIFS($C$15:$C$132,$D$15:$D$132,"Final test"))/SUMIFS($C$15:$C$132,$D$15:$D$132,"Final test") -> 0.059522238 | M7: =SQRT(SUMSQ(INDEX($K$15:$K$132,$B$7+$B$6+1):INDEX($K$15:$K$132,$B$7+2*$B$6))/$B$6) -> 50.984921 | N7: =IF($F$11=ROW()-4,"Chosen on selection","")
A8: Last complete week ends | B8: =B118+6 -> 46019 | E8: Same week last year | F8: =SUMIFS(L15:L132,$D$15:$D$132,"Selection")/SUMIFS($C$15:$C$132,$D$15:$D$132,"Selection") -> 0.25915546 | G8: =(SUMIFS(H15:H132,$D$15:$D$132,"Selection")-SUMIFS($C$15:$C$132,$D$15:$D$132,"Selection"))/SUMIFS($C$15:$C$132,$D$15:$D$132,"Selection") -> -0.050946687 | H8: =SQRT(SUMSQ(INDEX($L$15:$L$132,$B$7+1):INDEX($L$15:$L$132,$B$7+$B$6))/$B$6) -> 75.524087 | I8: =IF($F$11=4,"Selected","") -> Selected | J8: =E8 -> Same week last year | K8: =SUMIFS(L15:L132,$D$15:$D$132,"Final test")/SUMIFS($C$15:$C$132,$D$15:$D$132,"Final test") -> 0.26662927 | L8: =(SUMIFS(H15:H132,$D$15:$D$132,"Final test")-SUMIFS($C$15:$C$132,$D$15:$D$132,"Final test"))/SUMIFS($C$15:$C$132,$D$15:$D$132,"Final test") -> -0.064702389 | M8: =SQRT(SUMSQ(INDEX($L$15:$L$132,$B$7+$B$6+1):INDEX($L$15:$L$132,$B$7+2*$B$6))/$B$6) -> 67.851608 | N8: =IF($F$11=ROW()-4,"Chosen on selection","") -> Chosen on selection
A9: Moving-average window (weeks) | B9: 13
A10: Illustrative band multiplier | B10: 1.2816 | E10: Selected using selection WMAPE | F10: =INDEX(E5:E8,F11) -> Same week last year
E11: Selected method number | F11: =MATCH(MIN(F5:F8),F5:F8,0) -> 4
A12: Choose the method on 13 selection weeks, then report a separate 13-week final test. Partial week Dec 29 is excluded. Demand is incoming estimated hours known at intake. | E12: Selected method final-test RMSE | F12: =INDEX(M5:M8,F11) -> 67.851608
A14: Week # | B14: Week of (Monday) | C14: Incoming estimated hours | D14: Period | E14: Last-observation forecast | F14: Linear forecast | G14: Moving-average forecast | H14: Same-week-last-year forecast | I14: Last-observation abs error | J14: Linear abs error | K14: Moving-avg abs error | L14: Last-year abs error | M14: Selected forecast | N14: Illustrative lower band | O14: Illustrative upper band | P14: Weekly capacity | Q14: Forecast less capacity
A15: =ROW()-14 -> 1 | B15: =DATEVALUE('Weekly history'!A11) -> 45292 | C15: ='Weekly history'!C11 -> 167.5 | D15: =IF(A15>105,"Forecast",IF(A15=105,"Excluded partial",IF(A15>$B$7+$B$6,"Final test",IF(A15>$B$7,"Selection","Train")))) -> Train | E15: =IF(D15="Selection",INDEX($C$15:$C$118,$B$7),IF(D15="Final test",INDEX($C$15:$C$118,$B$7+$B$6),IF(D15="Forecast",INDEX($C$15:$C$118,$B$5),""))) | F15: =IF(OR(D15="Selection",D15="Final test",D15="Forecast"),FORECAST(A15,$C$15:INDEX($C$15:$C$118,IF(D15="Selection",$B$7,IF(D15="Final test",$B$7+$B$6,$B$5))),$A$15:INDEX($A$15:$A$118,IF(D15="Selection",$B$7,IF(D15="Final test",$B$7+$B$6,$B$5)))),"") | G15: =IF(OR(D15="Selection",D15="Final test",D15="Forecast"),AVERAGE(INDEX($C$15:$C$118,IF(D15="Selection",$B$7,IF(D15="Final test",$B$7+$B$6,$B$5))-$B$9+1):INDEX($C$15:$C$118,IF(D15="Selection",$B$7,IF(D15="Final test",$B$7+$B$6,$B$5)))),"") | H15: =IF(OR(D15="Selection",D15="Final test",D15="Forecast"),INDEX($C$15:$C$118,A15-52),"") | I15: =IF(OR(D15="Selection",D15="Final test"),ABS(C15-E15),"") | J15: =IF(OR(D15="Selection",D15="Final test"),ABS(C15-F15),"") | K15: =IF(OR(D15="Selection",D15="Final test"),ABS(C15-G15),"") | L15: =IF(OR(D15="Selection",D15="Final test"),ABS(C15-H15),"") | M15: =IF(OR(D15="Selection",D15="Final test",D15="Forecast"),CHOOSE($F$11,E15,F15,G15,H15),"") | N15: =IF(M15="","",MAX(0,M15-$B$10*$F$12)) | O15: =IF(M15="","",M15+$B$10*$F$12) | P15: =IF($D15="Forecast",'Capacity and backlog'!$B$7,"") | Q15: =IF(P15="","",M15-P15)
A16: =ROW()-14 -> 2 | B16: =DATEVALUE('Weekly history'!A12) -> 45299 | C16: ='Weekly history'!C12 -> 249.9 | D16: =IF(A16>105,"Forecast",IF(A16=105,"Excluded partial",IF(A16>$B$7+$B$6,"Final test",IF(A16>$B$7,"Selection","Train")))) -> Train | E16: =IF(D16="Selection",INDEX($C$15:$C$118,$B$7),IF(D16="Final test",INDEX($C$15:$C$118,$B$7+$B$6),IF(D16="Forecast",INDEX($C$15:$C$118,$B$5),""))) | F16: =IF(OR(D16="Selection",D16="Final test",D16="Forecast"),FORECAST(A16,$C$15:INDEX($C$15:$C$118,IF(D16="Selection",$B$7,IF(D16="Final test",$B$7+$B$6,$B$5))),$A$15:INDEX($A$15:$A$118,IF(D16="Selection",$B$7,IF(D16="Final test",$B$7+$B$6,$B$5)))),"") | G16: =IF(OR(D16="Selection",D16="Final test",D16="Forecast"),AVERAGE(INDEX($C$15:$C$118,IF(D16="Selection",$B$7,IF(D16="Final test",$B$7+$B$6,$B$5))-$B$9+1):INDEX($C$15:$C$118,IF(D16="Selection",$B$7,IF(D16="Final test",$B$7+$B$6,$B$5)))),"") | H16: =IF(OR(D16="Selection",D16="Final test",D16="Forecast"),INDEX($C$15:$C$118,A16-52),"") | I16: =IF(OR(D16="Selection",D16="Final test"),ABS(C16-E16),"") | J16: =IF(OR(D16="Selection",D16="Final test"),ABS(C16-F16),"") | K16: =IF(OR(D16="Selection",D16="Final test"),ABS(C16-G16),"") | L16: =IF(OR(D16="Selection",D16="Final test"),ABS(C16-H16),"") | M16: =IF(OR(D16="Selection",D16="Final test",D16="Forecast"),CHOOSE($F$11,E16,F16,G16,H16),"") | N16: =IF(M16="","",MAX(0,M16-$B$10*$F$12)) | O16: =IF(M16="","",M16+$B$10*$F$12) | P16: =IF($D16="Forecast",'Capacity and backlog'!$B$7,"") | Q16: =IF(P16="","",M16-P16)
A17: =ROW()-14 -> 3 | B17: =DATEVALUE('Weekly history'!A13) -> 45306 | C17: ='Weekly history'!C13 -> 222.7 | D17: =IF(A17>105,"Forecast",IF(A17=105,"Excluded partial",IF(A17>$B$7+$B$6,"Final test",IF(A17>$B$7,"Selection","Train")))) -> Train | E17: =IF(D17="Selection",INDEX($C$15:$C$118,$B$7),IF(D17="Final test",INDEX($C$15:$C$118,$B$7+$B$6),IF(D17="Forecast",INDEX($C$15:$C$118,$B$5),""))) | F17: =IF(OR(D17="Selection",D17="Final test",D17="Forecast"),FORECAST(A17,$C$15:INDEX($C$15:$C$118,IF(D17="Selection",$B$7,IF(D17="Final test",$B$7+$B$6,$B$5))),$A$15:INDEX($A$15:$A$118,IF(D17="Selection",$B$7,IF(D17="Final test",$B$7+$B$6,$B$5)))),"") | G17: =IF(OR(D17="Selection",D17="Final test",D17="Forecast"),AVERAGE(INDEX($C$15:$C$118,IF(D17="Selection",$B$7,IF(D17="Final test",$B$7+$B$6,$B$5))-$B$9+1):INDEX($C$15:$C$118,IF(D17="Selection",$B$7,IF(D17="Final test",$B$7+$B$6,$B$5)))),"") | H17: =IF(OR(D17="Selection",D17="Final test",D17="Forecast"),INDEX($C$15:$C$118,A17-52),"") | I17: =IF(OR(D17="Selection",D17="Final test"),ABS(C17-E17),"") | J17: =IF(OR(D17="Selection",D17="Final test"),ABS(C17-F17),"") | K17: =IF(OR(D17="Selection",D17="Final test"),ABS(C17-G17),"") | L17: =IF(OR(D17="Selection",D17="Final test"),ABS(C17-H17),"") | M17: =IF(OR(D17="Selection",D17="Final test",D17="Forecast"),CHOOSE($F$11,E17,F17,G17,H17),"") | N17: =IF(M17="","",MAX(0,M17-$B$10*$F$12)) | O17: =IF(M17="","",M17+$B$10*$F$12) | P17: =IF($D17="Forecast",'Capacity and backlog'!$B$7,"") | Q17: =IF(P17="","",M17-P17)
A18: =ROW()-14 -> 4 | B18: =DATEVALUE('Weekly history'!A14) -> 45313 | C18: ='Weekly history'!C14 -> 227.3 | D18: =IF(A18>105,"Forecast",IF(A18=105,"Excluded partial",IF(A18>$B$7+$B$6,"Final test",IF(A18>$B$7,"Selection","Train")))) -> Train | E18: =IF(D18="Selection",INDEX($C$15:$C$118,$B$7),IF(D18="Final test",INDEX($C$15:$C$118,$B$7+$B$6),IF(D18="Forecast",INDEX($C$15:$C$118,$B$5),""))) | F18: =IF(OR(D18="Selection",D18="Final test",D18="Forecast"),FORECAST(A18,$C$15:INDEX($C$15:$C$118,IF(D18="Selection",$B$7,IF(D18="Final test",$B$7+$B$6,$B$5))),$A$15:INDEX($A$15:$A$118,IF(D18="Selection",$B$7,IF(D18="Final test",$B$7+$B$6,$B$5)))),"") | G18: =IF(OR(D18="Selection",D18="Final test",D18="Forecast"),AVERAGE(INDEX($C$15:$C$118,IF(D18="Selection",$B$7,IF(D18="Final test",$B$7+$B$6,$B$5))-$B$9+1):INDEX($C$15:$C$118,IF(D18="Selection",$B$7,IF(D18="Final test",$B$7+$B$6,$B$5)))),"") | H18: =IF(OR(D18="Selection",D18="Final test",D18="Forecast"),INDEX($C$15:$C$118,A18-52),"") | I18: =IF(OR(D18="Selection",D18="Final test"),ABS(C18-E18),"") | J18: =IF(OR(D18="Selection",D18="Final test"),ABS(C18-F18),"") | K18: =IF(OR(D18="Selection",D18="Final test"),ABS(C18-G18),"") | L18: =IF(OR(D18="Selection",D18="Final test"),ABS(C18-H18),"") | M18: =IF(OR(D18="Selection",D18="Final test",D18="Forecast"),CHOOSE($F$11,E18,F18,G18,H18),"") | N18: =IF(M18="","",MAX(0,M18-$B$10*$F$12)) | O18: =IF(M18="","",M18+$B$10*$F$12) | P18: =IF($D18="Forecast",'Capacity and backlog'!$B$7,"") | Q18: =IF(P18="","",M18-P18)
A19: =ROW()-14 -> 5 | B19: =DATEVALUE('Weekly history'!A15) -> 45320 | C19: ='Weekly history'!C15 -> 233.8 | D19: =IF(A19>105,"Forecast",IF(A19=105,"Excluded partial",IF(A19>$B$7+$B$6,"Final test",IF(A19>$B$7,"Selection","Train")))) -> Train | E19: =IF(D19="Selection",INDEX($C$15:$C$118,$B$7),IF(D19="Final test",INDEX($C$15:$C$118,$B$7+$B$6),IF(D19="Forecast",INDEX($C$15:$C$118,$B$5),""))) | F19: =IF(OR(D19="Selection",D19="Final test",D19="Forecast"),FORECAST(A19,$C$15:INDEX($C$15:$C$118,IF(D19="Selection",$B$7,IF(D19="Final test",$B$7+$B$6,$B$5))),$A$15:INDEX($A$15:$A$118,IF(D19="Selection",$B$7,IF(D19="Final test",$B$7+$B$6,$B$5)))),"") | G19: =IF(OR(D19="Selection",D19="Final test",D19="Forecast"),AVERAGE(INDEX($C$15:$C$118,IF(D19="Selection",$B$7,IF(D19="Final test",$B$7+$B$6,$B$5))-$B$9+1):INDEX($C$15:$C$118,IF(D19="Selection",$B$7,IF(D19="Final test",$B$7+$B$6,$B$5)))),"") | H19: =IF(OR(D19="Selection",D19="Final test",D19="Forecast"),INDEX($C$15:$C$118,A19-52),"") | I19: =IF(OR(D19="Selection",D19="Final test"),ABS(C19-E19),"") | J19: =IF(OR(D19="Selection",D19="Final test"),ABS(C19-F19),"") | K19: =IF(OR(D19="Selection",D19="Final test"),ABS(C19-G19),"") | L19: =IF(OR(D19="Selection",D19="Final test"),ABS(C19-H19),"") | M19: =IF(OR(D19="Selection",D19="Final test",D19="Forecast"),CHOOSE($F$11,E19,F19,G19,H19),"") | N19: =IF(M19="","",MAX(0,M19-$B$10*$F$12)) | O19: =IF(M19="","",M19+$B$10*$F$12) | P19: =IF($D19="Forecast",'Capacity and backlog'!$B$7,"") | Q19: =IF(P19="","",M19-P19)
A20: =ROW()-14 -> 6 | B20: =DATEVALUE('Weekly history'!A16) -> 45327 | C20: ='Weekly history'!C16 -> 237.4 | D20: =IF(A20>105,"Forecast",IF(A20=105,"Excluded partial",IF(A20>$B$7+$B$6,"Final test",IF(A20>$B$7,"Selection","Train")))) -> Train | E20: =IF(D20="Selection",INDEX($C$15:$C$118,$B$7),IF(D20="Final test",INDEX($C$15:$C$118,$B$7+$B$6),IF(D20="Forecast",INDEX($C$15:$C$118,$B$5),""))) | F20: =IF(OR(D20="Selection",D20="Final test",D20="Forecast"),FORECAST(A20,$C$15:INDEX($C$15:$C$118,IF(D20="Selection",$B$7,IF(D20="Final test",$B$7+$B$6,$B$5))),$A$15:INDEX($A$15:$A$118,IF(D20="Selection",$B$7,IF(D20="Final test",$B$7+$B$6,$B$5)))),"") | G20: =IF(OR(D20="Selection",D20="Final test",D20="Forecast"),AVERAGE(INDEX($C$15:$C$118,IF(D20="Selection",$B$7,IF(D20="Final test",$B$7+$B$6,$B$5))-$B$9+1):INDEX($C$15:$C$118,IF(D20="Selection",$B$7,IF(D20="Final test",$B$7+$B$6,$B$5)))),"") | H20: =IF(OR(D20="Selection",D20="Final test",D20="Forecast"),INDEX($C$15:$C$118,A20-52),"") | I20: =IF(OR(D20="Selection",D20="Final test"),ABS(C20-E20),"") | J20: =IF(OR(D20="Selection",D20="Final test"),ABS(C20-F20),"") | K20: =IF(OR(D20="Selection",D20="Final test"),ABS(C20-G20),"") | L20: =IF(OR(D20="Selection",D20="Final test"),ABS(C20-H20),"") | M20: =IF(OR(D20="Selection",D20="Final test",D20="Forecast"),CHOOSE($F$11,E20,F20,G20,H20),"") | N20: =IF(M20="","",MAX(0,M20-$B$10*$F$12)) | O20: =IF(M20="","",M20+$B$10*$F$12) | P20: =IF($D20="Forecast",'Capacity and backlog'!$B$7,"") | Q20: =IF(P20="","",M20-P20)
A21: =ROW()-14 -> 7 | B21: =DATEVALUE('Weekly history'!A17) -> 45334 | C21: ='Weekly history'!C17 -> 342.8 | D21: =IF(A21>105,"Forecast",IF(A21=105,"Excluded partial",IF(A21>$B$7+$B$6,"Final test",IF(A21>$B$7,"Selection","Train")))) -> Train | E21: =IF(D21="Selection",INDEX($C$15:$C$118,$B$7),IF(D21="Final test",INDEX($C$15:$C$118,$B$7+$B$6),IF(D21="Forecast",INDEX($C$15:$C$118,$B$5),""))) | F21: =IF(OR(D21="Selection",D21="Final test",D21="Forecast"),FORECAST(A21,$C$15:INDEX($C$15:$C$118,IF(D21="Selection",$B$7,IF(D21="Final test",$B$7+$B$6,$B$5))),$A$15:INDEX($A$15:$A$118,IF(D21="Selection",$B$7,IF(D21="Final test",$B$7+$B$6,$B$5)))),"") | G21: =IF(OR(D21="Selection",D21="Final test",D21="Forecast"),AVERAGE(INDEX($C$15:$C$118,IF(D21="Selection",$B$7,IF(D21="Final test",$B$7+$B$6,$B$5))-$B$9+1):INDEX($C$15:$C$118,IF(D21="Selection",$B$7,IF(D21="Final test",$B$7+$B$6,$B$5)))),"") | H21: =IF(OR(D21="Selection",D21="Final test",D21="Forecast"),INDEX($C$15:$C$118,A21-52),"") | I21: =IF(OR(D21="Selection",D21="Final test"),ABS(C21-E21),"") | J21: =IF(OR(D21="Selection",D21="Final test"),ABS(C21-F21),"") | K21: =IF(OR(D21="Selection",D21="Final test"),ABS(C21-G21),"") | L21: =IF(OR(D21="Selection",D21="Final test"),ABS(C21-H21),"") | M21: =IF(OR(D21="Selection",D21="Final test",D21="Forecast"),CHOOSE($F$11,E21,F21,G21,H21),"") | N21: =IF(M21="","",MAX(0,M21-$B$10*$F$12)) | O21: =IF(M21="","",M21+$B$10*$F$12) | P21: =IF($D21="Forecast",'Capacity and backlog'!$B$7,"") | Q21: =IF(P21="","",M21-P21)
A22: =ROW()-14 -> 8 | B22: =DATEVALUE('Weekly history'!A18) -> 45341 | C22: ='Weekly history'!C18 -> 135.4 | D22: =IF(A22>105,"Forecast",IF(A22=105,"Excluded partial",IF(A22>$B$7+$B$6,"Final test",IF(A22>$B$7,"Selection","Train")))) -> Train | E22: =IF(D22="Selection",INDEX($C$15:$C$118,$B$7),IF(D22="Final test",INDEX($C$15:$C$118,$B$7+$B$6),IF(D22="Forecast",INDEX($C$15:$C$118,$B$5),""))) | F22: =IF(OR(D22="Selection",D22="Final test",D22="Forecast"),FORECAST(A22,$C$15:INDEX($C$15:$C$118,IF(D22="Selection",$B$7,IF(D22="Final test",$B$7+$B$6,$B$5))),$A$15:INDEX($A$15:$A$118,IF(D22="Selection",$B$7,IF(D22="Final test",$B$7+$B$6,$B$5)))),"") | G22: =IF(OR(D22="Selection",D22="Final test",D22="Forecast"),AVERAGE(INDEX($C$15:$C$118,IF(D22="Selection",$B$7,IF(D22="Final test",$B$7+$B$6,$B$5))-$B$9+1):INDEX($C$15:$C$118,IF(D22="Selection",$B$7,IF(D22="Final test",$B$7+$B$6,$B$5)))),"") | H22: =IF(OR(D22="Selection",D22="Final test",D22="Forecast"),INDEX($C$15:$C$118,A22-52),"") | I22: =IF(OR(D22="Selection",D22="Final test"),ABS(C22-E22),"") | J22: =IF(OR(D22="Selection",D22="Final test"),ABS(C22-F22),"") | K22: =IF(OR(D22="Selection",D22="Final test"),ABS(C22-G22),"") | L22: =IF(OR(D22="Selection",D22="Final test"),ABS(C22-H22),"") | M22: =IF(OR(D22="Selection",D22="Final test",D22="Forecast"),CHOOSE($F$11,E22,F22,G22,H22),"") | N22: =IF(M22="","",MAX(0,M22-$B$10*$F$12)) | O22: =IF(M22="","",M22+$B$10*$F$12) | P22: =IF($D22="Forecast",'Capacity and backlog'!$B$7,"") | Q22: =IF(P22="","",M22-P22)
A23: =ROW()-14 -> 9 | B23: =DATEVALUE('Weekly history'!A19) -> 45348 | C23: ='Weekly history'!C19 -> 410.7 | D23: =IF(A23>105,"Forecast",IF(A23=105,"Excluded partial",IF(A23>$B$7+$B$6,"Final test",IF(A23>$B$7,"Selection","Train")))) -> Train | E23: =IF(D23="Selection",INDEX($C$15:$C$118,$B$7),IF(D23="Final test",INDEX($C$15:$C$118,$B$7+$B$6),IF(D23="Forecast",INDEX($C$15:$C$118,$B$5),""))) | F23: =IF(OR(D23="Selection",D23="Final test",D23="Forecast"),FORECAST(A23,$C$15:INDEX($C$15:$C$118,IF(D23="Selection",$B$7,IF(D23="Final test",$B$7+$B$6,$B$5))),$A$15:INDEX($A$15:$A$118,IF(D23="Selection",$B$7,IF(D23="Final test",$B$7+$B$6,$B$5)))),"") | G23: =IF(OR(D23="Selection",D23="Final test",D23="Forecast"),AVERAGE(INDEX($C$15:$C$118,IF(D23="Selection",$B$7,IF(D23="Final test",$B$7+$B$6,$B$5))-$B$9+1):INDEX($C$15:$C$118,IF(D23="Selection",$B$7,IF(D23="Final test",$B$7+$B$6,$B$5)))),"") | H23: =IF(OR(D23="Selection",D23="Final test",D23="Forecast"),INDEX($C$15:$C$118,A23-52),"") | I23: =IF(OR(D23="Selection",D23="Final test"),ABS(C23-E23),"") | J23: =IF(OR(D23="Selection",D23="Final test"),ABS(C23-F23),"") | K23: =IF(OR(D23="Selection",D23="Final test"),ABS(C23-G23),"") | L23: =IF(OR(D23="Selection",D23="Final test"),ABS(C23-H23),"") | M23: =IF(OR(D23="Selection",D23="Final test",D23="Forecast"),CHOOSE($F$11,E23,F23,G23,H23),"") | N23: =IF(M23="","",MAX(0,M23-$B$10*$F$12)) | O23: =IF(M23="","",M23+$B$10*$F$12) | P23: =IF($D23="Forecast",'Capacity and backlog'!$B$7,"") | Q23: =IF(P23="","",M23-P23)
A24: =ROW()-14 -> 10 | B24: =DATEVALUE('Weekly history'!A20) -> 45355 | C24: ='Weekly history'!C20 -> 399.2 | D24: =IF(A24>105,"Forecast",IF(A24=105,"Excluded partial",IF(A24>$B$7+$B$6,"Final test",IF(A24>$B$7,"Selection","Train")))) -> Train | E24: =IF(D24="Selection",INDEX($C$15:$C$118,$B$7),IF(D24="Final test",INDEX($C$15:$C$118,$B$7+$B$6),IF(D24="Forecast",INDEX($C$15:$C$118,$B$5),""))) | F24: =IF(OR(D24="Selection",D24="Final test",D24="Forecast"),FORECAST(A24,$C$15:INDEX($C$15:$C$118,IF(D24="Selection",$B$7,IF(D24="Final test",$B$7+$B$6,$B$5))),$A$15:INDEX($A$15:$A$118,IF(D24="Selection",$B$7,IF(D24="Final test",$B$7+$B$6,$B$5)))),"") | G24: =IF(OR(D24="Selection",D24="Final test",D24="Forecast"),AVERAGE(INDEX($C$15:$C$118,IF(D24="Selection",$B$7,IF(D24="Final test",$B$7+$B$6,$B$5))-$B$9+1):INDEX($C$15:$C$118,IF(D24="Selection",$B$7,IF(D24="Final test",$B$7+$B$6,$B$5)))),"") | H24: =IF(OR(D24="Selection",D24="Final test",D24="Forecast"),INDEX($C$15:$C$118,A24-52),"") | I24: =IF(OR(D24="Selection",D24="Final test"),ABS(C24-E24),"") | J24: =IF(OR(D24="Selection",D24="Final test"),ABS(C24-F24),"") | K24: =IF(OR(D24="Selection",D24="Final test"),ABS(C24-G24),"") | L24: =IF(OR(D24="Selection",D24="Final test"),ABS(C24-H24),"") | M24: =IF(OR(D24="Selection",D24="Final test",D24="Forecast"),CHOOSE($F$11,E24,F24,G24,H24),"") | N24: =IF(M24="","",MAX(0,M24-$B$10*$F$12)) | O24: =IF(M24="","",M24+$B$10*$F$12) | P24: =IF($D24="Forecast",'Capacity and backlog'!$B$7,"") | Q24: =IF(P24="","",M24-P24)
A25: =ROW()-14 -> 11 | B25: =DATEVALUE('Weekly history'!A21) -> 45362 | C25: ='Weekly history'!C21 -> 275.1 | D25: =IF(A25>105,"Forecast",IF(A25=105,"Excluded partial",IF(A25>$B$7+$B$6,"Final test",IF(A25>$B$7,"Selection","Train")))) -> Train | E25: =IF(D25="Selection",INDEX($C$15:$C$118,$B$7),IF(D25="Final test",INDEX($C$15:$C$118,$B$7+$B$6),IF(D25="Forecast",INDEX($C$15:$C$118,$B$5),""))) | F25: =IF(OR(D25="Selection",D25="Final test",D25="Forecast"),FORECAST(A25,$C$15:INDEX($C$15:$C$118,IF(D25="Selection",$B$7,IF(D25="Final test",$B$7+$B$6,$B$5))),$A$15:INDEX($A$15:$A$118,IF(D25="Selection",$B$7,IF(D25="Final test",$B$7+$B$6,$B$5)))),"") | G25: =IF(OR(D25="Selection",D25="Final test",D25="Forecast"),AVERAGE(INDEX($C$15:$C$118,IF(D25="Selection",$B$7,IF(D25="Final test",$B$7+$B$6,$B$5))-$B$9+1):INDEX($C$15:$C$118,IF(D25="Selection",$B$7,IF(D25="Final test",$B$7+$B$6,$B$5)))),"") | H25: =IF(OR(D25="Selection",D25="Final test",D25="Forecast"),INDEX($C$15:$C$118,A25-52),"") | I25: =IF(OR(D25="Selection",D25="Final test"),ABS(C25-E25),"") | J25: =IF(OR(D25="Selection",D25="Final test"),ABS(C25-F25),"") | K25: =IF(OR(D25="Selection",D25="Final test"),ABS(C25-G25),"") | L25: =IF(OR(D25="Selection",D25="Final test"),ABS(C25-H25),"") | M25: =IF(OR(D25="Selection",D25="Final test",D25="Forecast"),CHOOSE($F$11,E25,F25,G25,H25),"") | N25: =IF(M25="","",MAX(0,M25-$B$10*$F$12)) | O25: =IF(M25="","",M25+$B$10*$F$12) | P25: =IF($D25="Forecast",'Capacity and backlog'!$B$7,"") | Q25: =IF(P25="","",M25-P25)
A26: =ROW()-14 -> 12 | B26: =DATEVALUE('Weekly history'!A22) -> 45369 | C26: ='Weekly history'!C22 -> 200.3 | D26: =IF(A26>105,"Forecast",IF(A26=105,"Excluded partial",IF(A26>$B$7+$B$6,"Final test",IF(A26>$B$7,"Selection","Train")))) -> Train | E26: =IF(D26="Selection",INDEX($C$15:$C$118,$B$7),IF(D26="Final test",INDEX($C$15:$C$118,$B$7+$B$6),IF(D26="Forecast",INDEX($C$15:$C$118,$B$5),""))) | F26: =IF(OR(D26="Selection",D26="Final test",D26="Forecast"),FORECAST(A26,$C$15:INDEX($C$15:$C$118,IF(D26="Selection",$B$7,IF(D26="Final test",$B$7+$B$6,$B$5))),$A$15:INDEX($A$15:$A$118,IF(D26="Selection",$B$7,IF(D26="Final test",$B$7+$B$6,$B$5)))),"") | G26: =IF(OR(D26="Selection",D26="Final test",D26="Forecast"),AVERAGE(INDEX($C$15:$C$118,IF(D26="Selection",$B$7,IF(D26="Final test",$B$7+$B$6,$B$5))-$B$9+1):INDEX($C$15:$C$118,IF(D26="Selection",$B$7,IF(D26="Final test",$B$7+$B$6,$B$5)))),"") | H26: =IF(OR(D26="Selection",D26="Final test",D26="Forecast"),INDEX($C$15:$C$118,A26-52),"") | I26: =IF(OR(D26="Selection",D26="Final test"),ABS(C26-E26),"") | J26: =IF(OR(D26="Selection",D26="Final test"),ABS(C26-F26),"") | K26: =IF(OR(D26="Selection",D26="Final test"),ABS(C26-G26),"") | L26: =IF(OR(D26="Selection",D26="Final test"),ABS(C26-H26),"") | M26: =IF(OR(D26="Selection",D26="Final test",D26="Forecast"),CHOOSE($F$11,E26,F26,G26,H26),"") | N26: =IF(M26="","",MAX(0,M26-$B$10*$F$12)) | O26: =IF(M26="","",M26+$B$10*$F$12) | P26: =IF($D26="Forecast",'Capacity and backlog'!$B$7,"") | Q26: =IF(P26="","",M26-P26)
... A119: =ROW()-14 -> 105 | B119: =DATEVALUE('Weekly history'!A115) -> 46020 | C119: ='Weekly history'!C115 -> 174 | D119: =IF(A119>105,"Forecast",IF(A119=105,"Excluded partial",IF(A119>$B$7+$B$6,"Final test",IF(A119>$B$7,"Selection","Train")))) -> Excluded partial | E119: =IF(D119="Selection",INDEX($C$15:$C$118,$B$7),IF(D119="Final test",INDEX($C$15:$C$118,$B$7+$B$6),IF(D119="Forecast",INDEX($C$15:$C$118,$B$5),""))) | F119: =IF(OR(D119="Selection",D119="Final test",D119="Forecast"),FORECAST(A119,$C$15:INDEX($C$15:$C$118,IF(D119="Selection",$B$7,IF(D119="Final test",$B$7+$B$6,$B$5))),$A$15:INDEX($A$15:$A$118,IF(D119="Selection",$B$7,IF(D119="Final test",$B$7+$B$6,$B$5)))),"") | G119: =IF(OR(D119="Selection",D119="Final test",D119="Forecast"),AVERAGE(INDEX($C$15:$C$118,IF(D119="Selection",$B$7,IF(D119="Final test",$B$7+$B$6,$B$5))-$B$9+1):INDEX($C$15:$C$118,IF(D119="Selection",$B$7,IF(D119="Final test",$B$7+$B$6,$B$5)))),"") | H119: =IF(OR(D119="Selection",D119="Final test",D119="Forecast"),INDEX($C$15:$C$118,A119-52),"") | I119: =IF(OR(D119="Selection",D119="Final test"),ABS(C119-E119),"") | J119: =IF(OR(D119="Selection",D119="Final test"),ABS(C119-F119),"") | K119: =IF(OR(D119="Selection",D119="Final test"),ABS(C119-G119),"") | L119: =IF(OR(D119="Selection",D119="Final test"),ABS(C119-H119),"") | M119: =IF(OR(D119="Selection",D119="Final test",D119="Forecast"),CHOOSE($F$11,E119,F119,G119,H119),"") | N119: =IF(M119="","",MAX(0,M119-$B$10*$F$12)) | O119: =IF(M119="","",M119+$B$10*$F$12) | P119: =IF($D119="Forecast",'Capacity and backlog'!$B$7,"") | Q119: =IF(P119="","",M119-P119)
A120: =ROW()-14 -> 106 | B120: =B119+7 -> 46027 | D120: =IF(A120>105,"Forecast",IF(A120=105,"Excluded partial",IF(A120>$B$7+$B$6,"Final test",IF(A120>$B$7,"Selection","Train")))) -> Forecast | E120: =IF(D120="Selection",INDEX($C$15:$C$118,$B$7),IF(D120="Final test",INDEX($C$15:$C$118,$B$7+$B$6),IF(D120="Forecast",INDEX($C$15:$C$118,$B$5),""))) -> 331.6 | F120: =IF(OR(D120="Selection",D120="Final test",D120="Forecast"),FORECAST(A120,$C$15:INDEX($C$15:$C$118,IF(D120="Selection",$B$7,IF(D120="Final test",$B$7+$B$6,$B$5))),$A$15:INDEX($A$15:$A$118,IF(D120="Selection",$B$7,IF(D120="Final test",$B$7+$B$6,$B$5)))),"") -> 266.63809 | G120: =IF(OR(D120="Selection",D120="Final test",D120="Forecast"),AVERAGE(INDEX($C$15:$C$118,IF(D120="Selection",$B$7,IF(D120="Final test",$B$7+$B$6,$B$5))-$B$9+1):INDEX($C$15:$C$118,IF(D120="Selection",$B$7,IF(D120="Final test",$B$7+$B$6,$B$5)))),"") -> 233.13846 | H120: =IF(OR(D120="Selection",D120="Final test",D120="Forecast"),INDEX($C$15:$C$118,A120-52),"") -> 282 | I120: =IF(OR(D120="Selection",D120="Final test"),ABS(C120-E120),"") | J120: =IF(OR(D120="Selection",D120="Final test"),ABS(C120-F120),"") | K120: =IF(OR(D120="Selection",D120="Final test"),ABS(C120-G120),"") | L120: =IF(OR(D120="Selection",D120="Final test"),ABS(C120-H120),"") | M120: =IF(OR(D120="Selection",D120="Final test",D120="Forecast"),CHOOSE($F$11,E120,F120,G120,H120),"") -> 282 | N120: =IF(M120="","",MAX(0,M120-$B$10*$F$12)) -> 195.04138 | O120: =IF(M120="","",M120+$B$10*$F$12) -> 368.95862 | P120: =IF($D120="Forecast",'Capacity and backlog'!$B$7,"") -> 358.61172 | Q120: =IF(P120="","",M120-P120) -> -76.611719
A121: =ROW()-14 -> 107 | B121: =B120+7 -> 46034 | D121: =IF(A121>105,"Forecast",IF(A121=105,"Excluded partial",IF(A121>$B$7+$B$6,"Final test",IF(A121>$B$7,"Selection","Train")))) -> Forecast | E121: =IF(D121="Selection",INDEX($C$15:$C$118,$B$7),IF(D121="Final test",INDEX($C$15:$C$118,$B$7+$B$6),IF(D121="Forecast",INDEX($C$15:$C$118,$B$5),""))) -> 331.6 | F121: =IF(OR(D121="Selection",D121="Final test",D121="Forecast"),FORECAST(A121,$C$15:INDEX($C$15:$C$118,IF(D121="Selection",$B$7,IF(D121="Final test",$B$7+$B$6,$B$5))),$A$15:INDEX($A$15:$A$118,IF(D121="Selection",$B$7,IF(D121="Final test",$B$7+$B$6,$B$5)))),"") -> 266.71997 | G121: =IF(OR(D121="Selection",D121="Final test",D121="Forecast"),AVERAGE(INDEX($C$15:$C$118,IF(D121="Selection",$B$7,IF(D121="Final test",$B$7+$B$6,$B$5))-$B$9+1):INDEX($C$15:$C$118,IF(D121="Selection",$B$7,IF(D121="Final test",$B$7+$B$6,$B$5)))),"") -> 233.13846 | H121: =IF(OR(D121="Selection",D121="Final test",D121="Forecast"),INDEX($C$15:$C$118,A121-52),"") -> 287.3 | I121: =IF(OR(D121="Selection",D121="Final test"),ABS(C121-E121),"") | J121: =IF(OR(D121="Selection",D121="Final test"),ABS(C121-F121),"") | K121: =IF(OR(D121="Selection",D121="Final test"),ABS(C121-G121),"") | L121: =IF(OR(D121="Selection",D121="Final test"),ABS(C121-H121),"") | M121: =IF(OR(D121="Selection",D121="Final test",D121="Forecast"),CHOOSE($F$11,E121,F121,G121,H121),"") -> 287.3 | N121: =IF(M121="","",MAX(0,M121-$B$10*$F$12)) -> 200.34138 | O121: =IF(M121="","",M121+$B$10*$F$12) -> 374.25862 | P121: =IF($D121="Forecast",'Capacity and backlog'!$B$7,"") -> 358.61172 | Q121: =IF(P121="","",M121-P121) -> -71.311719
A122: =ROW()-14 -> 108 | B122: =B121+7 -> 46041 | D122: =IF(A122>105,"Forecast",IF(A122=105,"Excluded partial",IF(A122>$B$7+$B$6,"Final test",IF(A122>$B$7,"Selection","Train")))) -> Forecast | E122: =IF(D122="Selection",INDEX($C$15:$C$118,$B$7),IF(D122="Final test",INDEX($C$15:$C$118,$B$7+$B$6),IF(D122="Forecast",INDEX($C$15:$C$118,$B$5),""))) -> 331.6 | F122: =IF(OR(D122="Selection",D122="Final test",D122="Forecast"),FORECAST(A122,$C$15:INDEX($C$15:$C$118,IF(D122="Selection",$B$7,IF(D122="Final test",$B$7+$B$6,$B$5))),$A$15:INDEX($A$15:$A$118,IF(D122="Selection",$B$7,IF(D122="Final test",$B$7+$B$6,$B$5)))),"") -> 266.80185 | G122: =IF(OR(D122="Selection",D122="Final test",D122="Forecast"),AVERAGE(INDEX($C$15:$C$118,IF(D122="Selection",$B$7,IF(D122="Final test",$B$7+$B$6,$B$5))-$B$9+1):INDEX($C$15:$C$118,IF(D122="Selection",$B$7,IF(D122="Final test",$B$7+$B$6,$B$5)))),"") -> 233.13846 | H122: =IF(OR(D122="Selection",D122="Final test",D122="Forecast"),INDEX($C$15:$C$118,A122-52),"") -> 326.3 | I122: =IF(OR(D122="Selection",D122="Final test"),ABS(C122-E122),"") | J122: =IF(OR(D122="Selection",D122="Final test"),ABS(C122-F122),"") | K122: =IF(OR(D122="Selection",D122="Final test"),ABS(C122-G122),"") | L122: =IF(OR(D122="Selection",D122="Final test"),ABS(C122-H122),"") | M122: =IF(OR(D122="Selection",D122="Final test",D122="Forecast"),CHOOSE($F$11,E122,F122,G122,H122),"") -> 326.3 | N122: =IF(M122="","",MAX(0,M122-$B$10*$F$12)) -> 239.34138 | O122: =IF(M122="","",M122+$B$10*$F$12) -> 413.25862 | P122: =IF($D122="Forecast",'Capacity and backlog'!$B$7,"") -> 358.61172 | Q122: =IF(P122="","",M122-P122) -> -32.311719
A123: =ROW()-14 -> 109 | B123: =B122+7 -> 46048 | D123: =IF(A123>105,"Forecast",IF(A123=105,"Excluded partial",IF(A123>$B$7+$B$6,"Final test",IF(A123>$B$7,"Selection","Train")))) -> Forecast | E123: =IF(D123="Selection",INDEX($C$15:$C$118,$B$7),IF(D123="Final test",INDEX($C$15:$C$118,$B$7+$B$6),IF(D123="Forecast",INDEX($C$15:$C$118,$B$5),""))) -> 331.6 | F123: =IF(OR(D123="Selection",D123="Final test",D123="Forecast"),FORECAST(A123,$C$15:INDEX($C$15:$C$118,IF(D123="Selection",$B$7,IF(D123="Final test",$B$7+$B$6,$B$5))),$A$15:INDEX($A$15:$A$118,IF(D123="Selection",$B$7,IF(D123="Final test",$B$7+$B$6,$B$5)))),"") -> 266.88372 | G123: =IF(OR(D123="Selection",D123="Final test",D123="Forecast"),AVERAGE(INDEX($C$15:$C$118,IF(D123="Selection",$B$7,IF(D123="Final test",$B$7+$B$6,$B$5))-$B$9+1):INDEX($C$15:$C$118,IF(D123="Selection",$B$7,IF(D123="Final test",$B$7+$B$6,$B$5)))),"") -> 233.13846 | H123: =IF(OR(D123="Selection",D123="Final test",D123="Forecast"),INDEX($C$15:$C$118,A123-52),"") -> 286.5 | I123: =IF(OR(D123="Selection",D123="Final test"),ABS(C123-E123),"") | J123: =IF(OR(D123="Selection",D123="Final test"),ABS(C123-F123),"") | K123: =IF(OR(D123="Selection",D123="Final test"),ABS(C123-G123),"") | L123: =IF(OR(D123="Selection",D123="Final test"),ABS(C123-H123),"") | M123: =IF(OR(D123="Selection",D123="Final test",D123="Forecast"),CHOOSE($F$11,E123,F123,G123,H123),"") -> 286.5 | N123: =IF(M123="","",MAX(0,M123-$B$10*$F$12)) -> 199.54138 | O123: =IF(M123="","",M123+$B$10*$F$12) -> 373.45862 | P123: =IF($D123="Forecast",'Capacity and backlog'!$B$7,"") -> 358.61172 | Q123: =IF(P123="","",M123-P123) -> -72.111719
A124: =ROW()-14 -> 110 | B124: =B123+7 -> 46055 | D124: =IF(A124>105,"Forecast",IF(A124=105,"Excluded partial",IF(A124>$B$7+$B$6,"Final test",IF(A124>$B$7,"Selection","Train")))) -> Forecast | E124: =IF(D124="Selection",INDEX($C$15:$C$118,$B$7),IF(D124="Final test",INDEX($C$15:$C$118,$B$7+$B$6),IF(D124="Forecast",INDEX($C$15:$C$118,$B$5),""))) -> 331.6 | F124: =IF(OR(D124="Selection",D124="Final test",D124="Forecast"),FORECAST(A124,$C$15:INDEX($C$15:$C$118,IF(D124="Selection",$B$7,IF(D124="Final test",$B$7+$B$6,$B$5))),$A$15:INDEX($A$15:$A$118,IF(D124="Selection",$B$7,IF(D124="Final test",$B$7+$B$6,$B$5)))),"") -> 266.9656 | G124: =IF(OR(D124="Selection",D124="Final test",D124="Forecast"),AVERAGE(INDEX($C$15:$C$118,IF(D124="Selection",$B$7,IF(D124="Final test",$B$7+$B$6,$B$5))-$B$9+1):INDEX($C$15:$C$118,IF(D124="Selection",$B$7,IF(D124="Final test",$B$7+$B$6,$B$5)))),"") -> 233.13846 | H124: =IF(OR(D124="Selection",D124="Final test",D124="Forecast"),INDEX($C$15:$C$118,A124-52),"") -> 217.7 | I124: =IF(OR(D124="Selection",D124="Final test"),ABS(C124-E124),"") | J124: =IF(OR(D124="Selection",D124="Final test"),ABS(C124-F124),"") | K124: =IF(OR(D124="Selection",D124="Final test"),ABS(C124-G124),"") | L124: =IF(OR(D124="Selection",D124="Final test"),ABS(C124-H124),"") | M124: =IF(OR(D124="Selection",D124="Final test",D124="Forecast"),CHOOSE($F$11,E124,F124,G124,H124),"") -> 217.7 | N124: =IF(M124="","",MAX(0,M124-$B$10*$F$12)) -> 130.74138 | O124: =IF(M124="","",M124+$B$10*$F$12) -> 304.65862 | P124: =IF($D124="Forecast",'Capacity and backlog'!$B$7,"") -> 358.61172 | Q124: =IF(P124="","",M124-P124) -> -140.91172
A125: =ROW()-14 -> 111 | B125: =B124+7 -> 46062 | D125: =IF(A125>105,"Forecast",IF(A125=105,"Excluded partial",IF(A125>$B$7+$B$6,"Final test",IF(A125>$B$7,"Selection","Train")))) -> Forecast | E125: =IF(D125="Selection",INDEX($C$15:$C$118,$B$7),IF(D125="Final test",INDEX($C$15:$C$118,$B$7+$B$6),IF(D125="Forecast",INDEX($C$15:$C$118,$B$5),""))) -> 331.6 | F125: =IF(OR(D125="Selection",D125="Final test",D125="Forecast"),FORECAST(A125,$C$15:INDEX($C$15:$C$118,IF(D125="Selection",$B$7,IF(D125="Final test",$B$7+$B$6,$B$5))),$A$15:INDEX($A$15:$A$118,IF(D125="Selection",$B$7,IF(D125="Final test",$B$7+$B$6,$B$5)))),"") -> 267.04748 | G125: =IF(OR(D125="Selection",D125="Final test",D125="Forecast"),AVERAGE(INDEX($C$15:$C$118,IF(D125="Selection",$B$7,IF(D125="Final test",$B$7+$B$6,$B$5))-$B$9+1):INDEX($C$15:$C$118,IF(D125="Selection",$B$7,IF(D125="Final test",$B$7+$B$6,$B$5)))),"") -> 233.13846 | H125: =IF(OR(D125="Selection",D125="Final test",D125="Forecast"),INDEX($C$15:$C$118,A125-52),"") -> 264.2 | I125: =IF(OR(D125="Selection",D125="Final test"),ABS(C125-E125),"") | J125: =IF(OR(D125="Selection",D125="Final test"),ABS(C125-F125),"") | K125: =IF(OR(D125="Selection",D125="Final test"),ABS(C125-G125),"") | L125: =IF(OR(D125="Selection",D125="Final test"),ABS(C125-H125),"") | M125: =IF(OR(D125="Selection",D125="Final test",D125="Forecast"),CHOOSE($F$11,E125,F125,G125,H125),"") -> 264.2 | N125: =IF(M125="","",MAX(0,M125-$B$10*$F$12)) -> 177.24138 | O125: =IF(M125="","",M125+$B$10*$F$12) -> 351.15862 | P125: =IF($D125="Forecast",'Capacity and backlog'!$B$7,"") -> 358.61172 | Q125: =IF(P125="","",M125-P125) -> -94.411719
A126: =ROW()-14 -> 112 | B126: =B125+7 -> 46069 | D126: =IF(A126>105,"Forecast",IF(A126=105,"Excluded partial",IF(A126>$B$7+$B$6,"Final test",IF(A126>$B$7,"Selection","Train")))) -> Forecast | E126: =IF(D126="Selection",INDEX($C$15:$C$118,$B$7),IF(D126="Final test",INDEX($C$15:$C$118,$B$7+$B$6),IF(D126="Forecast",INDEX($C$15:$C$118,$B$5),""))) -> 331.6 | F126: =IF(OR(D126="Selection",D126="Final test",D126="Forecast"),FORECAST(A126,$C$15:INDEX($C$15:$C$118,IF(D126="Selection",$B$7,IF(D126="Final test",$B$7+$B$6,$B$5))),$A$15:INDEX($A$15:$A$118,IF(D126="Selection",$B$7,IF(D126="Final test",$B$7+$B$6,$B$5)))),"") -> 267.12935 | G126: =IF(OR(D126="Selection",D126="Final test",D126="Forecast"),AVERAGE(INDEX($C$15:$C$118,IF(D126="Selection",$B$7,IF(D126="Final test",$B$7+$B$6,$B$5))-$B$9+1):INDEX($C$15:$C$118,IF(D126="Selection",$B$7,IF(D126="Final test",$B$7+$B$6,$B$5)))),"") -> 233.13846 | H126: =IF(OR(D126="Selection",D126="Final test",D126="Forecast"),INDEX($C$15:$C$118,A126-52),"") -> 318.4 | I126: =IF(OR(D126="Selection",D126="Final test"),ABS(C126-E126),"") | J126: =IF(OR(D126="Selection",D126="Final test"),ABS(C126-F126),"") | K126: =IF(OR(D126="Selection",D126="Final test"),ABS(C126-G126),"") | L126: =IF(OR(D126="Selection",D126="Final test"),ABS(C126-H126),"") | M126: =IF(OR(D126="Selection",D126="Final test",D126="Forecast"),CHOOSE($F$11,E126,F126,G126,H126),"") -> 318.4 | N126: =IF(M126="","",MAX(0,M126-$B$10*$F$12)) -> 231.44138 | O126: =IF(M126="","",M126+$B$10*$F$12) -> 405.35862 | P126: =IF($D126="Forecast",'Capacity and backlog'!$B$7,"") -> 358.61172 | Q126: =IF(P126="","",M126-P126) -> -40.211719
A127: =ROW()-14 -> 113 | B127: =B126+7 -> 46076 | D127: =IF(A127>105,"Forecast",IF(A127=105,"Excluded partial",IF(A127>$B$7+$B$6,"Final test",IF(A127>$B$7,"Selection","Train")))) -> Forecast | E127: =IF(D127="Selection",INDEX($C$15:$C$118,$B$7),IF(D127="Final test",INDEX($C$15:$C$118,$B$7+$B$6),IF(D127="Forecast",INDEX($C$15:$C$118,$B$5),""))) -> 331.6 | F127: =IF(OR(D127="Selection",D127="Final test",D127="Forecast"),FORECAST(A127,$C$15:INDEX($C$15:$C$118,IF(D127="Selection",$B$7,IF(D127="Final test",$B$7+$B$6,$B$5))),$A$15:INDEX($A$15:$A$118,IF(D127="Selection",$B$7,IF(D127="Final test",$B$7+$B$6,$B$5)))),"") -> 267.21123 | G127: =IF(OR(D127="Selection",D127="Final test",D127="Forecast"),AVERAGE(INDEX($C$15:$C$118,IF(D127="Selection",$B$7,IF(D127="Final test",$B$7+$B$6,$B$5))-$B$9+1):INDEX($C$15:$C$118,IF(D127="Selection",$B$7,IF(D127="Final test",$B$7+$B$6,$B$5)))),"") -> 233.13846 | H127: =IF(OR(D127="Selection",D127="Final test",D127="Forecast"),INDEX($C$15:$C$118,A127-52),"") -> 361.5 | I127: =IF(OR(D127="Selection",D127="Final test"),ABS(C127-E127),"") | J127: =IF(OR(D127="Selection",D127="Final test"),ABS(C127-F127),"") | K127: =IF(OR(D127="Selection",D127="Final test"),ABS(C127-G127),"") | L127: =IF(OR(D127="Selection",D127="Final test"),ABS(C127-H127),"") | M127: =IF(OR(D127="Selection",D127="Final test",D127="Forecast"),CHOOSE($F$11,E127,F127,G127,H127),"") -> 361.5 | N127: =IF(M127="","",MAX(0,M127-$B$10*$F$12)) -> 274.54138 | O127: =IF(M127="","",M127+$B$10*$F$12) -> 448.45862 | P127: =IF($D127="Forecast",'Capacity and backlog'!$B$7,"") -> 358.61172 | Q127: =IF(P127="","",M127-P127) -> 2.8882814
A128: =ROW()-14 -> 114 | B128: =B127+7 -> 46083 | D128: =IF(A128>105,"Forecast",IF(A128=105,"Excluded partial",IF(A128>$B$7+$B$6,"Final test",IF(A128>$B$7,"Selection","Train")))) -> Forecast | E128: =IF(D128="Selection",INDEX($C$15:$C$118,$B$7),IF(D128="Final test",INDEX($C$15:$C$118,$B$7+$B$6),IF(D128="Forecast",INDEX($C$15:$C$118,$B$5),""))) -> 331.6 | F128: =IF(OR(D128="Selection",D128="Final test",D128="Forecast"),FORECAST(A128,$C$15:INDEX($C$15:$C$118,IF(D128="Selection",$B$7,IF(D128="Final test",$B$7+$B$6,$B$5))),$A$15:INDEX($A$15:$A$118,IF(D128="Selection",$B$7,IF(D128="Final test",$B$7+$B$6,$B$5)))),"") -> 267.29311 | G128: =IF(OR(D128="Selection",D128="Final test",D128="Forecast"),AVERAGE(INDEX($C$15:$C$118,IF(D128="Selection",$B$7,IF(D128="Final test",$B$7+$B$6,$B$5))-$B$9+1):INDEX($C$15:$C$118,IF(D128="Selection",$B$7,IF(D128="Final test",$B$7+$B$6,$B$5)))),"") -> 233.13846 | H128: =IF(OR(D128="Selection",D128="Final test",D128="Forecast"),INDEX($C$15:$C$118,A128-52),"") -> 425.5 | I128: =IF(OR(D128="Selection",D128="Final test"),ABS(C128-E128),"") | J128: =IF(OR(D128="Selection",D128="Final test"),ABS(C128-F128),"") | K128: =IF(OR(D128="Selection",D128="Final test"),ABS(C128-G128),"") | L128: =IF(OR(D128="Selection",D128="Final test"),ABS(C128-H128),"") | M128: =IF(OR(D128="Selection",D128="Final test",D128="Forecast"),CHOOSE($F$11,E128,F128,G128,H128),"") -> 425.5 | N128: =IF(M128="","",MAX(0,M128-$B$10*$F$12)) -> 338.54138 | O128: =IF(M128="","",M128+$B$10*$F$12) -> 512.45862 | P128: =IF($D128="Forecast",'Capacity and backlog'!$B$7,"") -> 358.61172 | Q128: =IF(P128="","",M128-P128) -> 66.888281
A129: =ROW()-14 -> 115 | B129: =B128+7 -> 46090 | D129: =IF(A129>105,"Forecast",IF(A129=105,"Excluded partial",IF(A129>$B$7+$B$6,"Final test",IF(A129>$B$7,"Selection","Train")))) -> Forecast | E129: =IF(D129="Selection",INDEX($C$15:$C$118,$B$7),IF(D129="Final test",INDEX($C$15:$C$118,$B$7+$B$6),IF(D129="Forecast",INDEX($C$15:$C$118,$B$5),""))) -> 331.6 | F129: =IF(OR(D129="Selection",D129="Final test",D129="Forecast"),FORECAST(A129,$C$15:INDEX($C$15:$C$118,IF(D129="Selection",$B$7,IF(D129="Final test",$B$7+$B$6,$B$5))),$A$15:INDEX($A$15:$A$118,IF(D129="Selection",$B$7,IF(D129="Final test",$B$7+$B$6,$B$5)))),"") -> 267.37498 | G129: =IF(OR(D129="Selection",D129="Final test",D129="Forecast"),AVERAGE(INDEX($C$15:$C$118,IF(D129="Selection",$B$7,IF(D129="Final test",$B$7+$B$6,$B$5))-$B$9+1):INDEX($C$15:$C$118,IF(D129="Selection",$B$7,IF(D129="Final test",$B$7+$B$6,$B$5)))),"") -> 233.13846 | H129: =IF(OR(D129="Selection",D129="Final test",D129="Forecast"),INDEX($C$15:$C$118,A129-52),"") -> 533.4 | I129: =IF(OR(D129="Selection",D129="Final test"),ABS(C129-E129),"") | J129: =IF(OR(D129="Selection",D129="Final test"),ABS(C129-F129),"") | K129: =IF(OR(D129="Selection",D129="Final test"),ABS(C129-G129),"") | L129: =IF(OR(D129="Selection",D129="Final test"),ABS(C129-H129),"") | M129: =IF(OR(D129="Selection",D129="Final test",D129="Forecast"),CHOOSE($F$11,E129,F129,G129,H129),"") -> 533.4 | N129: =IF(M129="","",MAX(0,M129-$B$10*$F$12)) -> 446.44138 | O129: =IF(M129="","",M129+$B$10*$F$12) -> 620.35862 | P129: =IF($D129="Forecast",'Capacity and backlog'!$B$7,"") -> 358.61172 | Q129: =IF(P129="","",M129-P129) -> 174.78828
A130: =ROW()-14 -> 116 | B130: =B129+7 -> 46097 | D130: =IF(A130>105,"Forecast",IF(A130=105,"Excluded partial",IF(A130>$B$7+$B$6,"Final test",IF(A130>$B$7,"Selection","Train")))) -> Forecast | E130: =IF(D130="Selection",INDEX($C$15:$C$118,$B$7),IF(D130="Final test",INDEX($C$15:$C$118,$B$7+$B$6),IF(D130="Forecast",INDEX($C$15:$C$118,$B$5),""))) -> 331.6 | F130: =IF(OR(D130="Selection",D130="Final test",D130="Forecast"),FORECAST(A130,$C$15:INDEX($C$15:$C$118,IF(D130="Selection",$B$7,IF(D130="Final test",$B$7+$B$6,$B$5))),$A$15:INDEX($A$15:$A$118,IF(D130="Selection",$B$7,IF(D130="Final test",$B$7+$B$6,$B$5)))),"") -> 267.45686 | G130: =IF(OR(D130="Selection",D130="Final test",D130="Forecast"),AVERAGE(INDEX($C$15:$C$118,IF(D130="Selection",$B$7,IF(D130="Final test",$B$7+$B$6,$B$5))-$B$9+1):INDEX($C$15:$C$118,IF(D130="Selection",$B$7,IF(D130="Final test",$B$7+$B$6,$B$5)))),"") -> 233.13846 | H130: =IF(OR(D130="Selection",D130="Final test",D130="Forecast"),INDEX($C$15:$C$118,A130-52),"") -> 244.8 | I130: =IF(OR(D130="Selection",D130="Final test"),ABS(C130-E130),"") | J130: =IF(OR(D130="Selection",D130="Final test"),ABS(C130-F130),"") | K130: =IF(OR(D130="Selection",D130="Final test"),ABS(C130-G130),"") | L130: =IF(OR(D130="Selection",D130="Final test"),ABS(C130-H130),"") | M130: =IF(OR(D130="Selection",D130="Final test",D130="Forecast"),CHOOSE($F$11,E130,F130,G130,H130),"") -> 244.8 | N130: =IF(M130="","",MAX(0,M130-$B$10*$F$12)) -> 157.84138 | O130: =IF(M130="","",M130+$B$10*$F$12) -> 331.75862 | P130: =IF($D130="Forecast",'Capacity and backlog'!$B$7,"") -> 358.61172 | Q130: =IF(P130="","",M130-P130) -> -113.81172
A131: =ROW()-14 -> 117 | B131: =B130+7 -> 46104 | D131: =IF(A131>105,"Forecast",IF(A131=105,"Excluded partial",IF(A131>$B$7+$B$6,"Final test",IF(A131>$B$7,"Selection","Train")))) -> Forecast | E131: =IF(D131="Selection",INDEX($C$15:$C$118,$B$7),IF(D131="Final test",INDEX($C$15:$C$118,$B$7+$B$6),IF(D131="Forecast",INDEX($C$15:$C$118,$B$5),""))) -> 331.6 | F131: =IF(OR(D131="Selection",D131="Final test",D131="Forecast"),FORECAST(A131,$C$15:INDEX($C$15:$C$118,IF(D131="Selection",$B$7,IF(D131="Final test",$B$7+$B$6,$B$5))),$A$15:INDEX($A$15:$A$118,IF(D131="Selection",$B$7,IF(D131="Final test",$B$7+$B$6,$B$5)))),"") -> 267.53874 | G131: =IF(OR(D131="Selection",D131="Final test",D131="Forecast"),AVERAGE(INDEX($C$15:$C$118,IF(D131="Selection",$B$7,IF(D131="Final test",$B$7+$B$6,$B$5))-$B$9+1):INDEX($C$15:$C$118,IF(D131="Selection",$B$7,IF(D131="Final test",$B$7+$B$6,$B$5)))),"") -> 233.13846 | H131: =IF(OR(D131="Selection",D131="Final test",D131="Forecast"),INDEX($C$15:$C$118,A131-52),"") -> 388.8 | I131: =IF(OR(D131="Selection",D131="Final test"),ABS(C131-E131),"") | J131: =IF(OR(D131="Selection",D131="Final test"),ABS(C131-F131),"") | K131: =IF(OR(D131="Selection",D131="Final test"),ABS(C131-G131),"") | L131: =IF(OR(D131="Selection",D131="Final test"),ABS(C131-H131),"") | M131: =IF(OR(D131="Selection",D131="Final test",D131="Forecast"),CHOOSE($F$11,E131,F131,G131,H131),"") -> 388.8 | N131: =IF(M131="","",MAX(0,M131-$B$10*$F$12)) -> 301.84138 | O131: =IF(M131="","",M131+$B$10*$F$12) -> 475.75862 | P131: =IF($D131="Forecast",'Capacity and backlog'!$B$7,"") -> 358.61172 | Q131: =IF(P131="","",M131-P131) -> 30.188281
A132: =ROW()-14 -> 118 | B132: =B131+7 -> 46111 | D132: =IF(A132>105,"Forecast",IF(A132=105,"Excluded partial",IF(A132>$B$7+$B$6,"Final test",IF(A132>$B$7,"Selection","Train")))) -> Forecast | E132: =IF(D132="Selection",INDEX($C$15:$C$118,$B$7),IF(D132="Final test",INDEX($C$15:$C$118,$B$7+$B$6),IF(D132="Forecast",INDEX($C$15:$C$118,$B$5),""))) -> 331.6 | F132: =IF(OR(D132="Selection",D132="Final test",D132="Forecast"),FORECAST(A132,$C$15:INDEX($C$15:$C$118,IF(D132="Selection",$B$7,IF(D132="Final test",$B$7+$B$6,$B$5))),$A$15:INDEX($A$15:$A$118,IF(D132="Selection",$B$7,IF(D132="Final test",$B$7+$B$6,$B$5)))),"") -> 267.62061 | G132: =IF(OR(D132="Selection",D132="Final test",D132="Forecast"),AVERAGE(INDEX($C$15:$C$118,IF(D132="Selection",$B$7,IF(D132="Final test",$B$7+$B$6,$B$5))-$B$9+1):INDEX($C$15:$C$118,IF(D132="Selection",$B$7,IF(D132="Final test",$B$7+$B$6,$B$5)))),"") -> 233.13846 | H132: =IF(OR(D132="Selection",D132="Final test",D132="Forecast"),INDEX($C$15:$C$118,A132-52),"") -> 398.2 | I132: =IF(OR(D132="Selection",D132="Final test"),ABS(C132-E132),"") | J132: =IF(OR(D132="Selection",D132="Final test"),ABS(C132-F132),"") | K132: =IF(OR(D132="Selection",D132="Final test"),ABS(C132-G132),"") | L132: =IF(OR(D132="Selection",D132="Final test"),ABS(C132-H132),"") | M132: =IF(OR(D132="Selection",D132="Final test",D132="Forecast"),CHOOSE($F$11,E132,F132,G132,H132),"") -> 398.2 | N132: =IF(M132="","",MAX(0,M132-$B$10*$F$12)) -> 311.24138 | O132: =IF(M132="","",M132+$B$10*$F$12) -> 485.15862 | P132: =IF($D132="Forecast",'Capacity and backlog'!$B$7,"") -> 358.61172 | Q132: =IF(P132="","",M132-P132) -> 39.588281
A134: Band = forecast plus/minus multiplier × final-test RMSE. It is an illustrative sensitivity band, not a validated probability interval. Training and tests use full weeks only.

Sheet Capacity outlook
A2: Forward capacity outlook
A4: Outlook input | B4: Value
A5: First forecast week | B5: =MIN('Weekly forecast'!B120:B132) -> 46027
A6: Forecast weeks | B6: =COUNTIFS('Weekly forecast'!$D$15:$D$132,"Forecast") -> 13
A7: Forecast incoming hours | B7: =SUMIFS('Weekly forecast'!$M$15:$M$132,'Weekly forecast'!$D$15:$D$132,"Forecast") -> 4334.6
A8: Open backlog at snapshot (hours) | B8: ='Open work snapshot'!B6 -> 521.62978
A9: Total demand (hours) | B9: =B7+B8 -> 4856.2298
A10: Allocated capacity (hours) | B10: ='Capacity and backlog'!B7*B6 -> 4661.9523
A11: Utilization | B11: =IF(B10=0,"",B9/B10) -> 1.041673
A12: Skill-mix lookback (weeks) | B12: 26
A13: Skill-mix lookback start | B13: ='Weekly forecast'!B118-7*(B12-1) -> 45838
A15: Skill shares use incoming estimates in the last 26 complete weeks. The Dec 30 snapshot backlog is carried into Jan 5 with no intervening clearance assumed. Capacity is a staffing scenario.
A17: Skill | B17: Share of recent demand | C17: Forecast hours | D17: Open backlog | E17: Total demand | F17: Assigned FTE | G17: Allocated capacity | H17: Utilization | I17: Demand less capacity | J17: FTE change needed | K17: Status
A18: Airframe | B18: =SUMIFS(tblWorkPackages[Estimated labor hours],tblWorkPackages[Required skill],$A18,tblWorkPackages[Request date serial],">="&$B$13,tblWorkPackages[Request date serial],"<="&'Weekly forecast'!$B$118+6)/SUMIFS(tblWorkPackages[Estimated labor hours],tblWorkPackages[Request date serial],">="&$B$13,tblWorkPackages[Request date serial],"<="&'Weekly forecast'!$B$118+6) -> 0.16427427 | C18: =B18*$B$7 -> 712.06326 | D18: =IFERROR(INDEX('Open work snapshot'!$N$12:$N$17,MATCH($A18,'Open work snapshot'!$M$12:$M$17,0)),0) -> 81.014436 | E18: =C18+D18 -> 793.07769 | F18: =INDEX('Capacity and backlog'!$B$122:$B$127,MATCH($A18,'Capacity and backlog'!$A$122:$A$127,0)) -> 2 | G18: =INDEX('Capacity and backlog'!$C$122:$C$127,MATCH($A18,'Capacity and backlog'!$A$122:$A$127,0))*$B$6 -> 847.61027 | H18: =IF(G18=0,"",E18/G18) -> 0.93566315 | I18: =E18-G18 -> -54.532579 | J18: =IF(OR(F18=0,G18=0),"",I18/(G18/F18)) -> -0.12867371 | K18: =IF(G18=0,"No capacity",IF(H18>1,"Short",IF(H18>=0.9,"Tight","OK"))) -> Tight
A19: Avionics | B19: =SUMIFS(tblWorkPackages[Estimated labor hours],tblWorkPackages[Required skill],$A19,tblWorkPackages[Request date serial],">="&$B$13,tblWorkPackages[Request date serial],"<="&'Weekly forecast'!$B$118+6)/SUMIFS(tblWorkPackages[Estimated labor hours],tblWorkPackages[Request date serial],">="&$B$13,tblWorkPackages[Request date serial],"<="&'Weekly forecast'!$B$118+6) -> 0.31262416 | C19: =B19*$B$7 -> 1355.1007 | D19: =IFERROR(INDEX('Open work snapshot'!$N$12:$N$17,MATCH($A19,'Open work snapshot'!$M$12:$M$17,0)),0) -> 160.3552 | E19: =C19+D19 -> 1515.4559 | F19: =INDEX('Capacity and backlog'!$B$122:$B$127,MATCH($A19,'Capacity and backlog'!$A$122:$A$127,0)) -> 3 | G19: =INDEX('Capacity and backlog'!$C$122:$C$127,MATCH($A19,'Capacity and backlog'!$A$122:$A$127,0))*$B$6 -> 1257.788 | H19: =IF(G19=0,"",E19/G19) -> 1.204858 | I19: =E19-G19 -> 257.66793 | J19: =IF(OR(F19=0,G19=0),"",I19/(G19/F19)) -> 0.614574 | K19: =IF(G19=0,"No capacity",IF(H19>1,"Short",IF(H19>=0.9,"Tight","OK"))) -> Short
A20: Electrical | B20: =SUMIFS(tblWorkPackages[Estimated labor hours],tblWorkPackages[Required skill],$A20,tblWorkPackages[Request date serial],">="&$B$13,tblWorkPackages[Request date serial],"<="&'Weekly forecast'!$B$118+6)/SUMIFS(tblWorkPackages[Estimated labor hours],tblWorkPackages[Request date serial],">="&$B$13,tblWorkPackages[Request date serial],"<="&'Weekly forecast'!$B$118+6) -> 0.086735021 | C20: =B20*$B$7 -> 375.96162 | D20: =IFERROR(INDEX('Open work snapshot'!$N$12:$N$17,MATCH($A20,'Open work snapshot'!$M$12:$M$17,0)),0) -> 62.410938 | E20: =C20+D20 -> 438.37256 | F20: =INDEX('Capacity and backlog'!$B$122:$B$127,MATCH($A20,'Capacity and backlog'!$A$122:$A$127,0)) -> 1 | G20: =INDEX('Capacity and backlog'!$C$122:$C$127,MATCH($A20,'Capacity and backlog'!$A$122:$A$127,0))*$B$6 -> 424.62565 | H20: =IF(G20=0,"",E20/G20) -> 1.0323742 | I20: =E20-G20 -> 13.746907 | J20: =IF(OR(F20=0,G20=0),"",I20/(G20/F20)) -> 0.03237418 | K20: =IF(G20=0,"No capacity",IF(H20>1,"Short",IF(H20>=0.9,"Tight","OK"))) -> Short
A21: Hydraulics | B21: =SUMIFS(tblWorkPackages[Estimated labor hours],tblWorkPackages[Required skill],$A21,tblWorkPackages[Request date serial],">="&$B$13,tblWorkPackages[Request date serial],"<="&'Weekly forecast'!$B$118+6)/SUMIFS(tblWorkPackages[Estimated labor hours],tblWorkPackages[Request date serial],">="&$B$13,tblWorkPackages[Request date serial],"<="&'Weekly forecast'!$B$118+6) -> 0.084556232 | C21: =B21*$B$7 -> 366.51744 | D21: =IFERROR(INDEX('Open work snapshot'!$N$12:$N$17,MATCH($A21,'Open work snapshot'!$M$12:$M$17,0)),0) -> 39.620645 | E21: =C21+D21 -> 406.13809 | F21: =INDEX('Capacity and backlog'!$B$122:$B$127,MATCH($A21,'Capacity and backlog'!$A$122:$A$127,0)) -> 1 | G21: =INDEX('Capacity and backlog'!$C$122:$C$127,MATCH($A21,'Capacity and backlog'!$A$122:$A$127,0))*$B$6 -> 420.53836 | H21: =IF(G21=0,"",E21/G21) -> 0.96575753 | I21: =E21-G21 -> -14.400274 | J21: =IF(OR(F21=0,G21=0),"",I21/(G21/F21)) -> -0.034242475 | K21: =IF(G21=0,"No capacity",IF(H21>1,"Short",IF(H21>=0.9,"Tight","OK"))) -> Tight
A22: Powerplant | B22: =SUMIFS(tblWorkPackages[Estimated labor hours],tblWorkPackages[Required skill],$A22,tblWorkPackages[Request date serial],">="&$B$13,tblWorkPackages[Request date serial],"<="&'Weekly forecast'!$B$118+6)/SUMIFS(tblWorkPackages[Estimated labor hours],tblWorkPackages[Request date serial],">="&$B$13,tblWorkPackages[Request date serial],"<="&'Weekly forecast'!$B$118+6) -> 0.1803909 | C22: =B22*$B$7 -> 781.9224 | D22: =IFERROR(INDEX('Open work snapshot'!$N$12:$N$17,MATCH($A22,'Open work snapshot'!$M$12:$M$17,0)),0) -> 55.154648 | E22: =C22+D22 -> 837.07705 | F22: =INDEX('Capacity and backlog'!$B$122:$B$127,MATCH($A22,'Capacity and backlog'!$A$122:$A$127,0)) -> 2 | G22: =INDEX('Capacity and backlog'!$C$122:$C$127,MATCH($A22,'Capacity and backlog'!$A$122:$A$127,0))*$B$6 -> 876.23962 | H22: =IF(G22=0,"",E22/G22) -> 0.95530609 | I22: =E22-G22 -> -39.162579 | J22: =IF(OR(F22=0,G22=0),"",I22/(G22/F22)) -> -0.08938783 | K22: =IF(G22=0,"No capacity",IF(H22>1,"Short",IF(H22>=0.9,"Tight","OK"))) -> Tight
A23: Structures | B23: =SUMIFS(tblWorkPackages[Estimated labor hours],tblWorkPackages[Required skill],$A23,tblWorkPackages[Request date serial],">="&$B$13,tblWorkPackages[Request date serial],"<="&'Weekly forecast'!$B$118+6)/SUMIFS(tblWorkPackages[Estimated labor hours],tblWorkPackages[Request date serial],">="&$B$13,tblWorkPackages[Request date serial],"<="&'Weekly forecast'!$B$118+6) -> 0.17141942 | C23: =B23*$B$7 -> 743.0346 | D23: =IFERROR(INDEX('Open work snapshot'!$N$12:$N$17,MATCH($A23,'Open work snapshot'!$M$12:$M$17,0)),0) -> 123.07391 | E23: =C23+D23 -> 866.10852 | F23: =INDEX('Capacity and backlog'!$B$122:$B$127,MATCH($A23,'Capacity and backlog'!$A$122:$A$127,0)) -> 2 | G23: =INDEX('Capacity and backlog'!$C$122:$C$127,MATCH($A23,'Capacity and backlog'!$A$122:$A$127,0))*$B$6 -> 835.15048 | H23: =IF(G23=0,"",E23/G23) -> 1.0370688 | I23: =E23-G23 -> 30.958034 | J23: =IF(OR(F23=0,G23=0),"",I23/(G23/F23)) -> 0.074137619 | K23: =IF(G23=0,"No capacity",IF(H23>1,"Short",IF(H23>=0.9,"Tight","OK"))) -> Short
A24: Total | B24: =SUM(B18:B23) -> 1 | C24: =SUM(C18:C23) -> 4334.6 | D24: =SUM(D18:D23) -> 521.62978 | E24: =SUM(E18:E23) -> 4856.2298 | F24: =SUM(F18:F23) -> 11 | G24: =SUM(G18:G23) -> 4661.9523 | H24: =IF(G24=0,"",E24/G24) -> 1.041673 | I24: =SUM(I18:I23) -> 194.27743 | J24: =SUM(J18:J23) -> 0.46878179
A26: Status: Short = demand above capacity; Tight = 90-100% utilization; OK = below 90%. FTE change needed = hours gap divided by one FTE's capacity over the forecast window. Change assigned FTE in the yellow cells on Capacity and backlog to test recovery options.

Sheet Schedule performance
A2: Schedule performance and root cause
A3: On time means completed on or before the due date. Flow time = queue (request to first labor) + work span (first to last labor) + closeout (last labor to completion).
A5: Headline | B5: Value | D5: Key findings
A6: Jobs completed | B6: =COUNTA(tblWorkPackages[Work package ID]) -> 2400 | D6: ="Only "&TEXT(B7,"0%")&" of jobs finished by their due date; late jobs ran "&TEXT(B9,"0.0")&" days late on average." -> Only 52% of jobs finished by their due date; late jobs ran 13.5 days late on average.
A7: On-time completion rate | B7: =1-AVERAGE(tblWorkPackages[Late (0/1)]) -> 0.51541667 | D7: ="Jobs spend "&TEXT(B11,"0%")&" of their flow time in queue before any labor is booked." -> Jobs spend 81% of their flow time in queue before any labor is booked.
A8: Late jobs | B8: =SUM(tblWorkPackages[Late (0/1)]) -> 1163 | D8: ="Part delays cause "&TEXT(D44,"0%")&" of all days lost to disruptions." -> Part delays cause 77% of all days lost to disruptions.
A9: Average days late (late jobs) | B9: =AVERAGEIFS(tblWorkPackages[Days late],tblWorkPackages[Late (0/1)],1) -> 13.535684 | D9: ="Jobs with a delayed part are late "&TEXT(B15,"0%")&" of the time, versus "&TEXT(B16,"0%")&" for other jobs." -> Jobs with a delayed part are late 76% of the time, versus 47% for other jobs.
A10: Median flow days | B10: =MEDIAN(tblWorkPackages[Flow days]) -> 8 | D10: ="On-time rate by priority: Urgent "&TEXT(C21,"0%")&", High "&TEXT(C22,"0%")&", Routine "&TEXT(C23,"0%")&"." -> On-time rate by priority: Urgent 4%, High 39%, Routine 67%.
A11: Share of flow time in queue | B11: =SUM(tblWorkPackages[Queue days])/SUM(tblWorkPackages[Flow days]) -> 0.81363021 | D11: ="Most delay days by part category: "&INDEX(A54:A59,MATCH(MAX(E54:E59),E54:E59,0))&" ("&TEXT(MAX(E54:E59),"0")&" days)." -> Most delay days by part category: Seal kit (232 days).
A12: Share of flow time in work span | B12: =SUM(tblWorkPackages[Work span days])/SUM(tblWorkPackages[Flow days]) -> 0.075655062 | D12: ="Worst task type on time: "&INDEX(A28:A39,MATCH(MIN(C28:C39),C28:C39,0))&" ("&TEXT(MIN(C28:C39),"0%")&")." -> Worst task type on time: Structural repair (44%).
A13: Share of flow time in closeout | B13: =SUM(tblWorkPackages[Closeout days])/SUM(tblWorkPackages[Flow days]) -> 0.11071473
A14: Days lost to disruptions | B14: =SUM(tblDisruptions[Impact days]) -> 1385
A15: Late rate: jobs with a delayed part | B15: =AVERAGEIFS(tblWorkPackages[Late (0/1)],tblWorkPackages[Part delay days],">0") -> 0.76388889
A16: Late rate: all other jobs | B16: =AVERAGEIFS(tblWorkPackages[Late (0/1)],tblWorkPackages[Part delay days],0) -> 0.46675532
A19: On-time performance by priority
A20: Priority | B20: Jobs | C20: On-time rate | D20: Avg days late (late jobs) | E20: Avg queue days | F20: Avg work span days | G20: Avg closeout days | H20: Avg flow days
A21: Urgent | B21: =COUNTIFS(tblWorkPackages[Priority],$A21) -> 251 | C21: =1-AVERAGEIFS(tblWorkPackages[Late (0/1)],tblWorkPackages[Priority],$A21) -> 0.039840637 | D21: =IFERROR(AVERAGEIFS(tblWorkPackages[Days late],tblWorkPackages[Priority],$A21,tblWorkPackages[Late (0/1)],1),0) -> 12.618257 | E21: =AVERAGEIFS(tblWorkPackages[Queue days],tblWorkPackages[Priority],$A21) -> 11.601594 | F21: =AVERAGEIFS(tblWorkPackages[Work span days],tblWorkPackages[Priority],$A21) -> 1.0438247 | G21: =AVERAGEIFS(tblWorkPackages[Closeout days],tblWorkPackages[Priority],$A21) -> 1.4621514 | H21: =AVERAGEIFS(tblWorkPackages[Flow days],tblWorkPackages[Priority],$A21) -> 14.10757
A22: High | B22: =COUNTIFS(tblWorkPackages[Priority],$A22) -> 736 | C22: =1-AVERAGEIFS(tblWorkPackages[Late (0/1)],tblWorkPackages[Priority],$A22) -> 0.38722826 | D22: =IFERROR(AVERAGEIFS(tblWorkPackages[Days late],tblWorkPackages[Priority],$A22,tblWorkPackages[Late (0/1)],1),0) -> 13.356984 | E22: =AVERAGEIFS(tblWorkPackages[Queue days],tblWorkPackages[Priority],$A22) -> 10.997283 | F22: =AVERAGEIFS(tblWorkPackages[Work span days],tblWorkPackages[Priority],$A22) -> 1.0665761 | G22: =AVERAGEIFS(tblWorkPackages[Closeout days],tblWorkPackages[Priority],$A22) -> 1.5108696 | H22: =AVERAGEIFS(tblWorkPackages[Flow days],tblWorkPackages[Priority],$A22) -> 13.574728
A23: Routine | B23: =COUNTIFS(tblWorkPackages[Priority],$A23) -> 1413 | C23: =1-AVERAGEIFS(tblWorkPackages[Late (0/1)],tblWorkPackages[Priority],$A23) -> 0.66666667 | D23: =IFERROR(AVERAGEIFS(tblWorkPackages[Days late],tblWorkPackages[Priority],$A23,tblWorkPackages[Late (0/1)],1),0) -> 14.176221 | E23: =AVERAGEIFS(tblWorkPackages[Queue days],tblWorkPackages[Priority],$A23) -> 10.934183 | F23: =AVERAGEIFS(tblWorkPackages[Work span days],tblWorkPackages[Priority],$A23) -> 1 | G23: =AVERAGEIFS(tblWorkPackages[Closeout days],tblWorkPackages[Priority],$A23) -> 1.5010616 | H23: =AVERAGEIFS(tblWorkPackages[Flow days],tblWorkPackages[Priority],$A23) -> 13.435244
A26: On-time performance by task type
A27: Task type | B27: Jobs | C27: On-time rate | D27: Late jobs | E27: Avg days late (late jobs) | F27: Avg queue days | G27: Avg flow days
A28: =INDEX(tblTaskRules[Task type],1) -> Preflight inspection | B28: =COUNTIFS(tblWorkPackages[Task type],$A28) -> 214 | C28: =1-AVERAGEIFS(tblWorkPackages[Late (0/1)],tblWorkPackages[Task type],$A28) -> 0.51869159 | D28: =SUMIFS(tblWorkPackages[Late (0/1)],tblWorkPackages[Task type],$A28) -> 103 | E28: =IFERROR(AVERAGEIFS(tblWorkPackages[Days late],tblWorkPackages[Task type],$A28,tblWorkPackages[Late (0/1)],1),0) -> 14.524272 | F28: =AVERAGEIFS(tblWorkPackages[Queue days],tblWorkPackages[Task type],$A28) -> 11.607477 | G28: =AVERAGEIFS(tblWorkPackages[Flow days],tblWorkPackages[Task type],$A28) -> 13.873832
A29: =INDEX(tblTaskRules[Task type],2) -> Postflight discrepancy review | B29: =COUNTIFS(tblWorkPackages[Task type],$A29) -> 187 | C29: =1-AVERAGEIFS(tblWorkPackages[Late (0/1)],tblWorkPackages[Task type],$A29) -> 0.47058824 | D29: =SUMIFS(tblWorkPackages[Late (0/1)],tblWorkPackages[Task type],$A29) -> 99 | E29: =IFERROR(AVERAGEIFS(tblWorkPackages[Days late],tblWorkPackages[Task type],$A29,tblWorkPackages[Late (0/1)],1),0) -> 14.878788 | F29: =AVERAGEIFS(tblWorkPackages[Queue days],tblWorkPackages[Task type],$A29) -> 12.235294 | G29: =AVERAGEIFS(tblWorkPackages[Flow days],tblWorkPackages[Task type],$A29) -> 14.818182
A30: =INDEX(tblTaskRules[Task type],3) -> Instrumentation installation | B30: =COUNTIFS(tblWorkPackages[Task type],$A30) -> 220 | C30: =1-AVERAGEIFS(tblWorkPackages[Late (0/1)],tblWorkPackages[Task type],$A30) -> 0.57727273 | D30: =SUMIFS(tblWorkPackages[Late (0/1)],tblWorkPackages[Task type],$A30) -> 93 | E30: =IFERROR(AVERAGEIFS(tblWorkPackages[Days late],tblWorkPackages[Task type],$A30,tblWorkPackages[Late (0/1)],1),0) -> 14.021505 | F30: =AVERAGEIFS(tblWorkPackages[Queue days],tblWorkPackages[Task type],$A30) -> 10.527273 | G30: =AVERAGEIFS(tblWorkPackages[Flow days],tblWorkPackages[Task type],$A30) -> 13.045455
A31: =INDEX(tblTaskRules[Task type],4) -> Sensor calibration | B31: =COUNTIFS(tblWorkPackages[Task type],$A31) -> 201 | C31: =1-AVERAGEIFS(tblWorkPackages[Late (0/1)],tblWorkPackages[Task type],$A31) -> 0.55721393 | D31: =SUMIFS(tblWorkPackages[Late (0/1)],tblWorkPackages[Task type],$A31) -> 89 | E31: =IFERROR(AVERAGEIFS(tblWorkPackages[Days late],tblWorkPackages[Task type],$A31,tblWorkPackages[Late (0/1)],1),0) -> 11.842697 | F31: =AVERAGEIFS(tblWorkPackages[Queue days],tblWorkPackages[Task type],$A31) -> 9.4726368 | G31: =AVERAGEIFS(tblWorkPackages[Flow days],tblWorkPackages[Task type],$A31) -> 11.975124
A32: =INDEX(tblTaskRules[Task type],5) -> Hydraulic leak diagnosis | B32: =COUNTIFS(tblWorkPackages[Task type],$A32) -> 205 | C32: =1-AVERAGEIFS(tblWorkPackages[Late (0/1)],tblWorkPackages[Task type],$A32) -> 0.47317073 | D32: =SUMIFS(tblWorkPackages[Late (0/1)],tblWorkPackages[Task type],$A32) -> 108 | E32: =IFERROR(AVERAGEIFS(tblWorkPackages[Days late],tblWorkPackages[Task type],$A32,tblWorkPackages[Late (0/1)],1),0) -> 13.851852 | F32: =AVERAGEIFS(tblWorkPackages[Queue days],tblWorkPackages[Task type],$A32) -> 11.843902 | G32: =AVERAGEIFS(tblWorkPackages[Flow days],tblWorkPackages[Task type],$A32) -> 14.395122
A33: =INDEX(tblTaskRules[Task type],6) -> Electrical fault isolation | B33: =COUNTIFS(tblWorkPackages[Task type],$A33) -> 179 | C33: =1-AVERAGEIFS(tblWorkPackages[Late (0/1)],tblWorkPackages[Task type],$A33) -> 0.55307263 | D33: =SUMIFS(tblWorkPackages[Late (0/1)],tblWorkPackages[Task type],$A33) -> 80 | E33: =IFERROR(AVERAGEIFS(tblWorkPackages[Days late],tblWorkPackages[Task type],$A33,tblWorkPackages[Late (0/1)],1),0) -> 14.675 | F33: =AVERAGEIFS(tblWorkPackages[Queue days],tblWorkPackages[Task type],$A33) -> 10.659218 | G33: =AVERAGEIFS(tblWorkPackages[Flow days],tblWorkPackages[Task type],$A33) -> 13.162011
A34: =INDEX(tblTaskRules[Task type],7) -> Flight control inspection | B34: =COUNTIFS(tblWorkPackages[Task type],$A34) -> 196 | C34: =1-AVERAGEIFS(tblWorkPackages[Late (0/1)],tblWorkPackages[Task type],$A34) -> 0.55612245 | D34: =SUMIFS(tblWorkPackages[Late (0/1)],tblWorkPackages[Task type],$A34) -> 87 | E34: =IFERROR(AVERAGEIFS(tblWorkPackages[Days late],tblWorkPackages[Task type],$A34,tblWorkPackages[Late (0/1)],1),0) -> 14.344828 | F34: =AVERAGEIFS(tblWorkPackages[Queue days],tblWorkPackages[Task type],$A34) -> 10.867347 | G34: =AVERAGEIFS(tblWorkPackages[Flow days],tblWorkPackages[Task type],$A34) -> 13.484694
A35: =INDEX(tblTaskRules[Task type],8) -> Structural repair | B35: =COUNTIFS(tblWorkPackages[Task type],$A35) -> 169 | C35: =1-AVERAGEIFS(tblWorkPackages[Late (0/1)],tblWorkPackages[Task type],$A35) -> 0.43786982 | D35: =SUMIFS(tblWorkPackages[Late (0/1)],tblWorkPackages[Task type],$A35) -> 95 | E35: =IFERROR(AVERAGEIFS(tblWorkPackages[Days late],tblWorkPackages[Task type],$A35,tblWorkPackages[Late (0/1)],1),0) -> 15.115789 | F35: =AVERAGEIFS(tblWorkPackages[Queue days],tblWorkPackages[Task type],$A35) -> 13.08284 | G35: =AVERAGEIFS(tblWorkPackages[Flow days],tblWorkPackages[Task type],$A35) -> 15.680473
A36: =INDEX(tblTaskRules[Task type],9) -> Software/configuration check | B36: =COUNTIFS(tblWorkPackages[Task type],$A36) -> 214 | C36: =1-AVERAGEIFS(tblWorkPackages[Late (0/1)],tblWorkPackages[Task type],$A36) -> 0.52336449 | D36: =SUMIFS(tblWorkPackages[Late (0/1)],tblWorkPackages[Task type],$A36) -> 102 | E36: =IFERROR(AVERAGEIFS(tblWorkPackages[Days late],tblWorkPackages[Task type],$A36,tblWorkPackages[Late (0/1)],1),0) -> 11.343137 | F36: =AVERAGEIFS(tblWorkPackages[Queue days],tblWorkPackages[Task type],$A36) -> 9.8971963 | G36: =AVERAGEIFS(tblWorkPackages[Flow days],tblWorkPackages[Task type],$A36) -> 12.570093
A37: =INDEX(tblTaskRules[Task type],10) -> Scheduled system service | B37: =COUNTIFS(tblWorkPackages[Task type],$A37) -> 216 | C37: =1-AVERAGEIFS(tblWorkPackages[Late (0/1)],tblWorkPackages[Task type],$A37) -> 0.47685185 | D37: =SUMIFS(tblWorkPackages[Late (0/1)],tblWorkPackages[Task type],$A37) -> 113 | E37: =IFERROR(AVERAGEIFS(tblWorkPackages[Days late],tblWorkPackages[Task type],$A37,tblWorkPackages[Late (0/1)],1),0) -> 14.274336 | F37: =AVERAGEIFS(tblWorkPackages[Queue days],tblWorkPackages[Task type],$A37) -> 12.208333 | G37: =AVERAGEIFS(tblWorkPackages[Flow days],tblWorkPackages[Task type],$A37) -> 14.680556
